row_num,region_0,region_1,region_2,region_3,region_4,region_5,region_6,region_7,region_8,region_9,region_10,region_11,region_12,region_13,region_14,region_15,region_16,region_17,region_18,region_19,region_20,region_21,region_22,region_23
0,0,0,0,3,2,0,3,8,4,5,6,5,8,7,8,8,13,11,9,12,11,11,18,16
1,0,5,2,0,3,3,4,6,1,10,8,6,7,3,11,11,8,8,12,13,8,13,13,12
2,0,1,0,2,4,4,2,6,7,5,6,7,2,6,4,7,10,7,11,8,12,16,13,11
3,0,1,3,3,0,4,2,1,5,6,4,7,7,6,8,8,10,16,8,10,13,6,19,10
4,1,0,2,2,2,4,3,10,3,5,4,8,5,9,8,14,9,6,6,9,7,10,10,10
5,0,0,0,1,0,4,1,1,4,7,8,4,8,5,7,16,8,10,9,7,11,19,10,8
6,0,0,1,1,2,4,1,7,7,8,8,5,3,5,5,13,8,13,8,10,5,8,9,17
7,0,1,1,0,2,1,2,4,4,2,1,9,7,9,6,6,7,5,10,4,8,11,9,18
8,0,0,1,2,4,3,4,1,2,10,2,5,8,9,10,6,6,7,3,13,10,6,11,12
9,0,1,5,3,1,2,1,3,2,5,2,7,7,7,10,10,5,6,9,14,12,10,13,21
10,0,2,0,5,0,1,2,5,4,6,11,3,4,7,8,6,9,11,7,14,9,10,13,12
11,0,2,0,3,2,3,4,2,3,6,3,7,10,5,11,15,6,12,3,8,11,12,10,8
12,0,0,0,4,4,2,2,6,6,8,7,8,5,6,8,12,12,11,4,11,10,2,8,10
13,0,1,0,2,4,6,3,6,4,3,6,5,8,6,9,7,6,7,10,14,7,17,8,9
14,0,1,0,0,2,4,4,6,5,4,4,6,6,8,11,8,7,11,8,14,12,16,7,10
15,0,1,2,1,4,1,2,2,2,2,5,6,7,7,9,9,11,10,6,10,10,15,5,12
16,0,0,3,2,2,4,7,7,5,4,5,10,6,8,4,7,11,14,11,5,13,7,18,10
17,0,0,3,0,1,4,4,5,3,5,9,8,7,2,6,8,13,9,6,10,11,13,9,11
18,0,0,0,1,1,5,4,5,3,9,5,3,10,6,7,8,11,9,11,11,7,11,12,13
19,0,0,0,1,3,2,4,4,6,3,4,4,6,11,7,3,8,6,8,7,12,9,13,7
20,0,0,1,0,2,0,1,7,2,3,5,4,5,6,7,7,6,9,11,9,7,9,9,11
21,0,1,1,4,5,1,6,4,2,6,8,3,8,9,2,8,8,8,8,10,13,7,10,18
22,0,0,2,3,0,2,2,3,7,5,8,4,4,9,9,7,7,4,12,6,5,12,8,11
23,0,1,2,1,3,4,4,6,4,3,3,6,7,5,8,7,9,6,12,9,11,10,15,15
24,0,0,1,0,4,0,3,4,5,6,4,3,6,5,9,9,10,12,10,8,5,6,11,8
25,0,0,1,2,2,5,4,5,9,4,4,7,8,4,5,5,13,11,5,6,13,12,13,16
26,0,0,2,3,3,1,6,6,7,3,3,9,6,3,6,6,9,9,9,15,17,13,11,14
27,0,0,0,0,5,4,2,5,5,6,4,6,10,3,8,10,9,10,7,7,14,10,15,15
28,0,0,1,2,2,3,2,4,9,8,6,6,5,2,10,4,14,9,13,10,11,10,10,9
29,0,1,1,1,0,3,7,1,4,5,3,5,6,9,8,8,9,4,7,13,16,9,11,8
30,0,2,2,3,1,4,3,3,4,3,6,5,5,12,10,13,14,9,6,8,8,10,15,14
31,0,2,0,0,3,1,5,1,5,1,11,7,10,3,7,14,7,8,8,7,12,10,9,18
32,1,0,1,2,4,5,2,2,5,4,4,3,6,7,6,8,11,7,6,14,11,11,12,14
33,0,1,0,6,0,3,4,8,3,9,3,7,7,4,4,6,6,5,15,11,11,11,14,10
34,0,0,4,2,4,3,3,2,3,4,5,4,7,12,12,7,11,11,15,9,9,7,10,10
35,1,1,2,1,5,2,2,4,7,6,7,6,8,5,7,11,6,12,8,15,14,15,6,12
36,1,1,1,4,3,1,6,6,6,3,7,6,6,7,6,6,15,3,5,10,10,8,8,6
37,0,0,0,1,1,3,1,6,5,1,8,7,10,5,3,3,8,8,4,11,13,14,15,11
38,0,0,0,1,4,2,4,4,4,4,4,5,4,5,14,6,5,12,19,10,14,9,9,9
39,0,0,1,2,1,3,1,7,3,4,4,5,5,11,5,6,14,11,6,11,9,8,14,14
40,0,0,0,2,2,2,4,2,5,10,7,3,7,8,12,5,5,7,10,8,7,11,5,5
41,0,0,0,1,0,0,2,2,5,7,6,5,8,9,7,6,4,11,11,8,14,7,11,6
42,0,1,0,0,1,3,1,1,5,7,9,4,7,5,4,6,8,12,12,7,6,10,4,13
43,0,0,0,0,4,4,2,2,5,4,7,9,5,9,9,12,9,8,8,10,10,14,11,10
44,0,0,0,0,1,7,5,6,5,7,6,7,3,3,9,14,7,11,9,10,17,11,6,7
45,0,0,3,1,2,4,4,3,4,5,6,4,3,10,8,7,6,8,9,9,16,10,10,19
46,0,1,0,1,2,5,5,5,3,5,8,4,6,5,7,4,11,13,9,9,13,11,8,13
47,0,0,1,1,2,1,3,4,10,7,5,6,7,4,5,8,6,9,14,16,11,17,9,13
48,0,0,0,2,2,2,4,4,4,4,3,6,7,7,5,10,6,6,8,12,6,9,10,17
49,0,0,0,0,2,1,1,6,5,3,3,5,2,5,3,6,2,7,8,9,12,13,11,12
50,0,0,0,1,1,0,5,3,3,1,4,6,4,6,8,7,3,13,11,9,8,10,6,13
51,0,2,4,0,3,0,3,3,1,8,5,4,3,3,10,8,8,9,9,9,15,8,10,17
52,0,1,2,1,4,1,5,1,2,5,4,4,5,8,8,15,12,10,9,13,13,16,7,13
53,0,0,0,4,1,1,4,6,4,4,4,7,3,8,4,9,8,6,8,15,9,13,9,16
54,0,0,1,1,2,2,4,1,4,4,4,8,9,6,6,6,6,9,10,7,15,14,12,14
55,0,1,1,2,2,2,3,2,7,7,4,4,10,7,5,8,16,11,11,13,14,11,8,17
56,0,2,1,4,3,2,4,1,4,9,6,5,6,8,6,5,13,12,9,8,15,14,18,16
57,0,0,3,0,3,2,2,5,4,6,7,5,10,4,5,5,10,5,7,11,15,16,12,9
58,0,0,1,1,2,2,3,1,5,6,6,4,8,9,8,11,8,8,14,9,8,11,13,16
59,0,0,2,1,0,4,4,9,1,4,7,4,7,5,11,11,15,14,7,14,10,5,19,11
60,0,0,1,0,1,2,8,5,8,4,3,3,12,8,10,9,14,13,11,10,12,7,8,11
61,0,0,1,1,3,4,6,0,8,6,7,4,7,9,8,7,9,7,5,10,6,12,9,16
62,0,1,1,1,0,4,2,5,5,6,5,2,6,5,5,4,8,8,13,9,14,15,7,16
63,0,1,2,4,3,3,1,2,9,5,5,6,8,5,9,5,9,10,11,9,8,5,17,17
64,0,0,2,2,8,0,5,3,5,6,5,3,10,7,6,8,7,7,11,13,16,11,9,12
65,1,1,0,1,2,2,2,3,8,8,6,5,4,10,9,10,9,2,7,8,9,11,16,11
66,0,1,1,1,1,2,4,2,4,7,4,1,9,5,4,11,6,6,9,16,8,14,12,10
67,0,1,4,1,0,1,4,1,1,6,10,4,5,8,5,5,10,14,12,15,9,13,9,10
68,0,1,0,3,4,2,2,4,2,0,6,1,7,7,6,4,13,13,9,9,8,11,11,15
69,0,1,0,0,1,2,1,2,3,8,3,9,5,5,6,7,7,11,11,13,12,4,10,11
70,0,2,1,2,3,2,3,6,2,2,7,6,5,6,10,8,8,11,5,11,8,11,13,13
71,0,1,0,3,1,4,0,2,4,2,3,11,4,4,5,7,10,8,3,11,11,9,14,11
72,1,0,1,1,3,1,5,3,5,5,3,3,5,7,5,6,13,12,10,9,13,10,8,10
73,0,2,0,2,3,0,2,4,4,2,5,6,10,8,5,6,8,9,10,6,8,20,11,17
74,0,0,1,1,0,0,4,1,4,5,6,6,7,5,10,6,6,9,8,13,9,13,10,12
75,0,0,0,3,3,6,4,2,8,3,5,9,3,6,11,4,4,10,12,15,12,10,6,6
76,0,0,2,0,0,1,1,4,10,3,8,8,6,4,7,8,13,11,6,8,6,13,7,12
77,0,0,5,0,2,0,2,4,6,1,5,4,10,6,8,8,10,7,5,9,11,12,8,12
78,0,0,3,2,3,2,2,2,3,6,4,5,6,8,5,12,7,4,9,9,9,12,14,11
79,0,1,0,1,6,2,4,3,5,3,7,8,4,5,4,7,7,6,5,13,12,8,11,17
80,0,0,1,4,5,2,4,6,3,6,4,4,6,4,6,4,19,9,10,12,9,7,14,6
81,0,0,0,5,4,2,3,6,3,2,7,6,1,10,8,11,10,11,8,9,6,8,17,15
82,1,0,1,1,2,1,6,3,4,4,9,3,11,4,4,9,11,9,8,11,0,9,14,17
83,0,1,1,1,2,2,7,1,4,9,7,4,5,4,4,11,8,11,11,9,12,8,12,14
84,0,0,0,6,6,2,1,5,5,6,7,5,3,6,8,5,5,7,9,14,10,19,10,12
85,0,0,1,2,3,2,1,1,2,4,4,5,9,8,7,11,7,11,7,12,12,10,10,10
86,2,1,3,1,0,4,7,2,9,4,7,6,5,5,11,10,14,8,10,7,15,16,11,15
87,0,0,0,3,1,1,4,1,5,6,5,4,2,9,7,6,6,14,17,6,6,14,14,12
88,0,0,3,2,1,1,1,3,5,5,4,8,9,6,15,5,9,11,13,6,6,11,14,8
89,0,3,1,2,3,6,2,4,3,4,6,5,7,3,9,2,9,11,9,6,11,8,14,12
90,0,0,0,4,5,3,4,5,9,8,7,7,3,6,10,7,7,7,10,10,5,11,15,8
91,0,0,2,3,5,3,3,8,3,8,1,5,5,8,4,7,9,10,12,11,9,14,14,14
92,0,0,1,2,1,2,4,7,4,7,6,11,6,7,7,11,7,12,7,10,12,17,5,12
93,0,1,3,1,1,2,5,6,5,4,10,2,5,8,5,5,10,6,15,12,11,3,19,12
94,0,2,0,4,2,2,3,5,3,2,2,6,9,6,8,8,9,9,5,10,10,5,12,18
95,0,0,0,2,3,1,3,4,3,2,5,5,4,5,6,11,8,6,9,11,9,9,15,15
96,0,0,1,2,0,1,5,4,6,5,5,7,6,5,12,14,9,9,13,11,8,11,10,11
97,0,1,0,2,3,1,2,3,8,2,6,9,5,6,9,8,12,8,12,11,8,13,13,12
98,0,1,1,1,4,2,3,5,6,2,4,6,3,10,8,8,8,9,13,11,8,13,16,10
99,0,1,1,5,0,0,0,6,4,4,10,7,6,2,9,10,10,10,7,6,7,11,9,9
100,0,0,1,0,2,4,4,3,3,1,2,3,7,8,7,8,9,7,15,12,9,13,17,13
101,0,2,1,2,2,2,4,5,6,10,7,7,7,9,9,5,5,9,10,9,12,17,15,9
102,0,0,1,2,2,3,3,4,2,2,4,9,8,7,9,6,10,10,11,9,8,17,13,13
103,0,0,2,1,4,4,5,2,2,4,3,2,3,5,7,7,10,4,8,15,15,14,11,13
104,0,0,3,0,0,2,3,5,7,1,9,4,5,6,6,3,10,11,9,4,11,18,12,8
105,0,2,4,1,2,4,2,4,1,3,9,7,5,7,4,7,5,8,5,12,11,6,19,12
106,0,0,1,5,1,2,5,6,3,7,5,1,7,5,6,8,13,7,7,15,9,6,7,9
107,0,0,2,2,2,2,3,5,3,3,5,7,5,7,11,12,8,5,4,12,13,11,20,9
108,0,1,1,1,1,3,3,3,5,7,6,3,9,8,12,10,7,10,8,6,10,8,7,12
109,0,1,0,2,1,5,7,5,7,10,7,5,9,1,9,8,10,17,6,11,10,9,12,11
110,0,0,0,3,2,6,4,2,5,5,4,2,2,10,5,4,9,5,8,11,11,14,11,17
111,0,1,0,0,3,0,5,5,3,7,9,2,6,6,9,6,14,9,6,9,12,19,14,7
112,0,0,1,0,5,1,2,2,4,9,1,6,6,9,6,9,8,8,8,12,6,12,5,9
113,0,1,3,0,2,3,4,5,6,3,3,5,3,10,2,9,11,8,10,12,6,16,6,15
114,0,1,1,1,5,2,1,1,4,2,5,7,6,7,5,6,9,9,6,8,5,12,13,10
115,0,1,1,0,5,3,0,2,5,7,9,4,8,7,4,5,14,8,6,4,7,6,12,13
116,0,1,0,1,1,3,1,1,4,4,6,5,6,10,9,10,12,10,11,11,11,6,9,14
117,0,0,4,2,2,1,6,3,4,3,7,6,8,5,8,10,4,9,9,16,10,9,6,15
118,0,0,1,3,3,2,5,3,6,6,9,7,6,1,4,10,7,11,9,5,8,17,9,11
119,0,2,0,3,3,2,2,3,4,6,4,1,4,8,7,7,9,9,8,11,12,6,7,11
120,0,2,1,0,2,2,3,4,5,5,6,2,5,4,13,10,8,10,6,7,11,9,11,9
121,0,0,1,2,5,3,2,4,2,4,2,8,3,8,6,9,14,7,12,14,12,13,23,9
122,0,0,0,1,2,6,3,4,4,5,8,4,6,9,6,14,6,10,9,6,7,9,10,8
123,1,0,0,1,0,1,4,2,1,5,5,3,6,6,10,6,12,8,7,12,4,8,14,4
124,0,3,0,2,5,1,3,4,2,5,5,6,10,8,5,1,1,6,7,8,17,14,13,20
125,0,1,1,2,1,7,6,2,2,5,5,5,6,9,6,4,9,9,10,11,12,14,10,9
126,0,0,0,3,4,3,3,3,8,7,7,5,6,11,8,5,7,10,12,14,15,9,12,13
127,0,0,2,1,0,1,2,3,7,6,6,5,4,6,6,9,7,9,9,12,7,7,12,10
128,0,1,0,0,3,7,1,5,2,5,4,7,4,7,7,6,8,11,10,10,17,13,14,10
129,0,1,0,3,0,3,4,4,6,3,6,9,8,4,6,8,2,4,5,10,7,21,7,7
130,0,1,1,3,3,2,6,5,5,6,5,6,8,7,8,9,5,10,4,8,14,12,20,15
131,0,1,2,2,2,0,6,3,3,4,6,8,6,5,7,11,10,9,12,7,11,7,8,12
132,0,1,2,1,4,5,1,8,1,4,5,6,5,4,14,12,6,9,13,4,13,14,8,8
133,0,1,1,4,3,2,4,8,2,4,7,7,7,10,7,15,15,10,5,8,14,4,7,12
134,1,0,0,2,1,2,4,4,4,6,9,4,4,6,5,8,10,10,6,12,9,9,10,10
135,0,0,1,3,1,2,1,4,5,3,2,5,8,4,7,8,10,6,9,8,8,7,9,11
136,0,1,1,1,4,1,4,2,6,2,2,9,6,7,9,13,13,5,9,6,9,11,10,5
137,0,1,0,1,3,3,4,2,11,3,2,8,6,8,9,6,9,14,8,5,9,2,7,14
138,0,2,2,4,2,6,7,2,4,8,4,5,5,4,9,16,8,8,7,15,11,8,8,11
139,0,0,3,1,2,5,1,4,6,3,4,4,7,6,9,3,7,12,7,8,14,8,11,13
140,0,1,1,3,2,1,3,7,2,5,7,8,4,5,11,7,12,15,14,8,10,13,12,12
141,0,0,2,2,2,3,6,3,5,3,7,5,9,10,3,11,7,13,9,5,11,16,19,18
142,0,0,0,2,0,0,9,4,3,3,4,3,7,11,4,6,10,9,11,11,6,7,9,18
143,0,0,2,2,1,3,2,8,2,2,6,5,11,6,8,10,11,8,8,7,16,11,6,10
144,0,2,0,1,1,1,3,3,4,5,3,5,5,2,7,10,7,6,7,6,7,3,8,11
145,0,0,0,0,2,5,2,0,5,4,4,4,1,8,2,10,8,10,9,7,14,14,10,12
146,0,0,1,0,1,1,3,4,2,2,3,5,9,1,9,11,10,12,15,12,4,11,14,19
147,0,3,0,2,2,5,4,2,3,1,3,3,6,11,15,9,9,15,14,8,19,17,12,9
148,0,1,0,0,3,4,2,2,3,3,8,2,4,8,10,5,8,6,11,7,11,13,12,9
149,1,0,0,3,1,3,2,4,2,8,2,5,8,7,3,7,5,8,10,6,13,16,10,7
150,0,0,2,1,3,3,0,3,6,5,6,7,7,11,12,8,9,4,7,11,8,6,8,13
151,1,1,0,2,0,1,2,2,6,5,10,4,8,5,7,8,6,10,17,14,9,17,10,8
152,0,0,1,1,2,4,1,2,4,4,7,4,4,7,11,8,8,7,12,8,9,12,9,14
153,0,0,0,0,2,3,3,0,5,7,12,5,2,7,10,4,8,10,10,13,9,4,10,10
154,0,1,1,0,2,1,0,1,5,5,4,10,4,6,5,12,6,8,7,7,8,7,6,11
155,0,0,1,3,1,2,2,8,3,5,4,13,3,9,5,10,3,13,12,9,12,11,7,10
156,0,1,1,1,3,4,3,3,2,6,4,9,13,5,4,4,6,10,8,11,13,13,12,10
157,0,1,2,4,2,3,5,2,1,8,5,8,8,7,4,6,7,14,10,11,6,8,11,7
158,0,0,0,3,1,0,0,4,4,3,4,3,5,7,4,11,9,11,9,4,9,14,11,14
159,0,0,1,0,4,1,4,3,3,5,5,6,12,8,7,11,9,9,3,7,11,11,13,17
160,0,1,0,4,3,5,5,3,2,6,5,6,12,5,6,6,4,14,7,11,13,14,12,3
161,0,0,3,1,0,2,4,5,2,6,7,3,5,6,4,9,12,6,7,6,14,14,15,5
162,1,0,1,2,1,0,1,4,1,5,1,6,6,9,13,9,8,9,11,11,13,15,6,14
163,0,0,2,0,5,2,4,3,5,2,3,4,3,7,5,7,10,7,11,12,10,13,12,12
164,1,0,1,0,2,1,6,6,4,2,4,9,10,11,8,11,6,6,8,9,15,12,14,15
165,0,1,4,0,0,1,1,5,4,3,5,6,11,6,9,12,12,8,8,13,12,9,13,9
166,0,0,3,0,3,0,4,5,2,4,4,6,4,6,11,7,9,2,13,10,12,10,8,7
167,0,0,1,1,1,1,6,2,5,1,3,2,10,6,14,4,10,11,12,7,9,10,15,15
168,0,1,2,1,2,0,3,2,4,5,6,2,7,6,12,9,11,11,4,16,3,14,9,17
169,0,1,0,0,3,6,0,7,2,6,10,6,13,8,9,5,7,16,10,10,13,12,8,18
170,0,0,1,0,4,0,3,6,5,6,7,7,3,8,6,5,10,12,9,9,14,11,11,15
171,0,1,0,3,3,3,2,3,3,2,4,6,16,5,13,6,8,5,10,13,11,9,10,15
172,0,2,2,2,2,1,3,2,6,7,3,5,7,9,7,4,14,7,8,10,9,10,17,7
173,0,1,0,1,1,5,1,7,8,7,7,8,3,12,8,4,7,12,4,10,10,11,14,8
174,0,2,1,3,1,6,3,3,2,3,3,5,9,7,11,8,7,10,13,9,10,12,11,9
175,1,1,0,0,1,0,2,3,1,7,2,6,6,9,4,11,4,8,14,12,11,13,15,9
176,0,2,0,4,1,1,5,0,1,2,6,6,6,9,4,5,7,5,9,14,7,12,12,13
177,0,0,1,3,2,5,3,2,3,4,5,7,4,10,8,8,9,5,11,12,12,4,6,13
178,0,0,0,1,1,2,2,3,8,5,4,5,8,7,5,6,10,11,7,7,7,11,12,15
179,0,0,2,2,1,2,3,4,7,2,5,3,2,9,6,14,9,8,13,7,15,14,11,10
180,0,2,0,2,1,2,1,2,4,6,3,7,4,5,10,12,10,11,13,8,13,9,13,12
181,0,0,2,1,2,4,3,4,3,4,1,8,4,8,7,9,6,8,7,11,15,15,13,9
182,0,0,1,0,2,4,2,3,5,7,6,5,9,4,10,7,6,12,12,15,8,17,9,13
183,0,2,1,1,1,5,4,7,5,4,7,3,5,3,12,7,10,12,13,9,12,10,15,10
184,0,0,1,2,1,2,1,4,4,6,6,7,6,6,11,13,11,11,9,17,8,13,13,14
185,0,1,1,1,2,2,4,2,6,6,6,3,8,10,5,10,4,11,16,12,11,9,15,6
186,0,0,1,2,3,6,3,5,4,4,8,10,10,3,11,10,3,11,11,8,8,7,16,7
187,0,2,1,1,0,0,2,3,3,8,5,9,3,4,13,8,5,10,9,11,18,8,17,14
188,0,0,4,0,2,5,1,4,4,8,6,6,4,5,12,5,4,11,9,9,6,9,15,7
189,0,2,0,2,3,2,3,4,6,5,2,5,12,9,8,5,8,8,13,16,12,10,13,17
190,0,0,1,0,2,1,3,4,5,7,4,6,7,6,8,13,9,17,10,6,15,8,6,8
191,0,0,0,1,2,0,3,2,2,5,7,8,8,10,5,9,10,13,11,6,7,13,10,12
192,0,1,1,1,4,0,2,4,4,3,5,7,6,4,6,11,7,6,4,6,13,9,9,11
193,0,2,1,3,4,6,3,0,10,4,3,6,5,5,7,10,6,12,11,9,7,5,10,7
194,0,1,2,0,4,3,3,5,5,4,3,10,6,8,11,4,7,8,14,10,11,8,7,11
195,0,0,1,2,3,5,2,6,6,4,3,10,5,6,7,6,5,10,8,11,5,13,8,16
196,1,0,0,1,6,5,7,1,7,5,5,6,4,5,8,10,11,4,15,4,5,11,10,11
197,0,0,0,1,1,1,2,4,4,6,4,9,4,4,3,7,8,12,11,6,11,17,12,12
198,0,0,1,4,2,3,4,2,5,10,5,6,7,4,6,10,8,11,6,13,11,12,11,22
199,0,0,1,3,2,1,1,7,3,4,4,4,8,8,8,8,8,7,9,11,8,7,11,11
200,0,0,4,0,1,1,1,3,6,5,4,6,3,7,6,11,8,5,8,16,14,5,10,20
201,0,2,0,0,1,1,3,3,8,2,5,4,10,8,3,7,5,18,10,13,14,15,11,12
202,0,1,0,1,2,1,7,5,4,3,2,6,10,8,10,4,15,4,9,7,8,13,15,10
203,0,2,0,4,3,6,6,4,7,4,5,7,10,4,6,5,9,7,14,8,8,7,9,5
204,0,0,2,3,4,6,2,6,8,5,3,8,8,8,10,12,9,9,6,5,13,9,14,10
205,0,0,1,3,1,3,2,5,6,6,6,6,5,9,9,10,10,8,14,9,8,17,11,14
206,0,0,0,4,1,2,4,4,7,6,9,9,4,11,9,10,5,7,10,9,16,7,10,10
207,0,0,1,3,2,2,1,0,5,3,3,11,7,4,10,8,3,9,9,14,9,12,12,12
208,0,1,1,2,3,3,2,6,3,1,7,8,3,6,10,8,4,7,8,9,11,15,11,10
209,0,1,0,2,1,1,2,4,4,3,6,9,6,12,10,5,5,7,15,11,11,9,13,13
210,0,1,3,0,2,1,5,3,3,5,6,9,11,10,4,11,6,3,4,6,10,8,13,6
211,0,0,1,1,3,0,6,3,4,3,4,5,7,5,6,4,7,11,9,12,5,13,10,14
212,0,0,1,1,3,2,4,2,2,5,6,2,5,9,3,6,5,11,12,9,6,6,9,13
213,0,1,0,0,4,4,1,4,4,10,10,9,7,7,11,6,15,7,6,7,10,12,9,12
214,0,0,3,3,3,4,3,4,6,7,6,7,8,3,11,9,6,7,5,12,14,7,13,10
215,0,0,0,0,5,3,0,3,3,3,6,1,4,13,4,10,5,11,10,6,12,12,16,13
216,0,0,0,1,0,1,2,3,6,4,5,9,8,3,7,8,7,8,9,7,8,10,12,9
217,0,1,0,1,1,2,4,2,4,3,7,7,10,11,7,7,9,7,15,5,9,8,17,14
218,0,1,1,2,0,5,2,3,3,5,4,7,13,9,10,10,11,7,5,10,5,9,3,6
219,0,0,0,0,1,2,3,3,7,2,5,3,3,12,3,10,3,14,9,9,8,10,9,8
220,0,1,2,2,3,5,3,4,3,7,8,7,6,5,7,8,12,19,6,12,8,12,12,12
221,0,0,3,2,5,4,1,5,6,1,3,9,7,5,6,1,7,5,4,8,11,12,9,13
222,1,1,2,2,1,2,3,1,6,9,7,8,7,3,4,7,6,10,13,16,16,11,15,11
223,0,1,0,3,2,0,2,3,4,3,6,3,7,5,10,17,3,11,8,10,14,16,12,9
224,0,0,0,1,1,3,2,3,6,3,3,8,7,8,6,4,2,8,13,17,11,8,11,14
225,0,0,2,2,1,2,4,8,2,6,5,6,9,5,8,10,4,8,6,9,15,10,14,15
226,0,0,2,4,3,4,2,5,9,4,4,6,5,7,11,10,10,10,2,10,10,11,6,10
227,0,0,3,1,2,6,2,5,1,2,5,5,4,8,8,6,7,4,4,5,10,12,9,8
228,0,0,2,2,4,5,1,6,2,5,4,10,9,7,7,9,6,4,8,10,14,10,10,14
229,0,4,0,0,2,3,3,3,7,7,9,11,2,7,7,11,4,7,8,5,19,14,7,14
230,0,0,2,0,2,3,2,4,1,7,5,7,11,2,7,12,11,14,8,9,12,12,12,9
231,0,1,2,0,2,6,4,3,3,5,3,6,6,7,7,3,3,9,4,9,9,10,17,15
232,0,1,1,2,2,1,2,2,7,8,6,7,7,13,8,5,12,6,7,7,9,6,10,13
233,1,1,0,2,4,5,4,2,4,4,3,3,10,5,7,9,15,9,7,5,9,8,10,14
234,0,0,2,0,2,3,5,6,8,5,10,5,6,10,9,3,12,10,8,12,11,14,14,14
235,0,1,0,3,3,4,1,2,1,5,4,9,13,5,2,8,7,6,11,9,14,14,9,12
236,0,1,0,1,1,2,2,1,3,5,7,8,8,7,7,8,6,10,9,5,7,6,11,12
237,0,0,3,3,0,1,3,4,4,6,6,4,7,7,6,9,5,4,9,9,14,11,10,10
238,0,0,0,2,0,3,2,2,5,6,7,5,4,10,9,9,8,7,8,11,19,10,9,12
239,0,1,1,3,3,2,3,2,2,4,5,7,6,7,6,9,7,9,10,15,14,11,10,10
240,0,2,1,0,1,1,4,3,4,10,4,4,5,4,12,1,7,11,11,11,6,6,8,19
241,0,3,2,4,0,1,2,4,3,10,3,4,7,6,9,10,8,11,11,12,9,9,11,8
242,0,0,2,1,1,2,4,4,6,4,1,4,9,2,10,8,13,6,12,10,9,13,11,16
243,0,1,1,3,1,2,3,3,6,4,5,7,7,4,9,11,6,6,14,12,10,3,13,21
244,1,0,1,1,2,1,3,3,4,4,4,3,12,6,5,7,9,8,14,14,9,11,10,10
245,0,1,0,1,3,0,5,4,8,7,6,5,7,9,5,12,9,11,10,11,6,13,10,7
246,0,0,2,2,2,1,5,2,5,5,3,4,7,9,8,8,6,9,10,13,14,9,10,10
247,0,0,1,3,1,2,1,1,3,5,9,5,6,4,3,7,6,6,6,5,10,11,10,18
248,0,1,1,1,4,6,3,7,5,4,2,9,4,4,8,11,9,2,8,8,5,5,8,11
249,0,1,0,0,3,1,3,1,10,1,6,6,6,6,7,8,12,8,13,11,12,15,17,13
250,0,0,2,3,1,2,4,7,4,2,4,7,6,3,12,8,10,16,8,6,17,12,6,8
251,0,0,1,1,1,1,1,3,4,9,4,6,8,6,5,7,10,16,7,6,16,17,6,13
252,0,0,0,2,2,4,5,4,4,5,7,11,10,5,10,6,13,11,10,8,9,9,16,12
253,0,0,0,1,4,1,2,3,5,4,6,6,6,5,6,10,12,8,8,13,6,9,10,7
254,0,2,1,1,1,2,3,6,3,0,3,4,8,5,9,8,15,8,7,11,8,7,11,12
255,0,1,0,3,1,3,4,3,5,3,10,5,8,5,12,8,11,8,9,11,4,8,13,16
256,1,1,1,1,3,3,4,2,6,5,3,2,6,12,6,7,7,5,19,5,14,12,15,12
257,0,0,2,2,2,2,3,5,3,2,8,5,6,7,12,9,9,9,8,6,10,11,18,10
258,1,1,1,4,3,2,7,4,2,6,3,8,7,5,8,11,10,10,12,11,7,17,14,14
259,0,1,2,2,4,3,5,2,3,5,6,3,6,4,2,7,8,13,9,9,10,12,12,11
260,0,1,1,0,2,4,1,4,3,6,5,11,6,12,8,10,4,10,14,6,14,11,12,15
261,0,3,0,0,2,1,5,5,3,9,2,7,8,7,8,9,6,15,4,9,16,7,5,13
262,0,0,4,2,2,5,3,3,2,3,1,8,5,10,13,10,13,14,13,15,11,13,12,14
263,0,3,0,3,2,1,3,2,3,4,5,3,8,8,7,13,6,12,13,16,10,10,10,18
264,0,1,1,4,2,3,4,3,2,5,2,8,7,2,4,9,11,9,12,14,12,16,5,7
265,0,1,3,7,4,3,7,6,2,7,6,7,10,7,10,9,10,7,9,4,12,12,8,10
266,0,1,2,1,1,3,3,4,7,3,7,6,6,5,7,7,8,5,17,8,5,10,3,15
267,0,0,0,0,0,1,4,5,2,5,9,6,9,6,7,7,9,5,5,11,10,17,7,14
268,0,0,4,1,2,3,1,2,6,3,9,6,7,4,8,7,3,7,11,9,13,10,12,18
269,0,3,1,1,1,2,3,3,2,6,7,3,4,4,12,7,6,9,6,8,11,12,12,13
270,1,1,1,3,1,1,3,3,3,4,2,7,5,7,9,10,9,4,11,9,9,7,17,18
271,0,0,2,4,1,1,5,2,4,5,2,5,7,7,7,6,5,8,9,7,8,16,14,11
272,0,1,1,2,3,4,1,6,3,10,8,2,5,9,6,12,9,12,6,4,10,14,15,16
273,0,2,1,1,4,4,3,4,6,5,8,5,11,6,5,12,7,7,6,14,5,12,8,7
274,0,1,0,3,1,4,5,7,7,1,9,7,7,9,16,4,9,12,10,12,8,7,12,10
275,0,1,0,0,2,1,2,3,4,7,6,2,5,8,2,10,8,11,7,9,14,7,10,13
276,0,1,0,0,1,2,1,2,3,6,7,4,2,3,8,9,12,10,11,8,13,8,19,11
277,0,0,1,2,2,0,2,4,6,6,2,9,13,8,10,10,8,7,11,10,7,12,10,14
278,0,0,0,2,2,3,4,6,4,6,3,5,8,9,6,8,8,9,12,8,5,6,10,12
279,0,0,1,2,0,5,3,4,2,4,4,5,8,6,6,5,6,6,6,9,13,6,8,12
280,0,0,1,3,4,1,1,5,6,4,3,5,7,9,9,10,13,9,4,13,10,12,21,13
281,0,4,2,1,2,3,2,3,3,3,2,12,2,6,5,4,10,7,10,6,12,9,16,14
282,0,0,0,0,2,1,2,6,2,6,7,3,6,5,7,7,11,8,11,13,13,11,13,7
283,0,0,3,2,5,7,2,3,3,4,3,6,9,5,10,9,15,10,11,6,20,9,10,11
284,0,2,0,0,3,1,7,3,3,4,4,5,4,7,11,6,7,6,10,11,12,8,14,13
285,0,1,0,0,0,3,3,3,5,2,6,9,4,5,1,5,9,17,10,14,9,7,10,10
286,0,1,0,0,2,4,1,3,4,3,6,8,8,7,9,4,8,7,7,13,13,9,11,11
287,0,2,1,3,3,7,2,1,3,3,5,4,7,10,11,5,1,9,9,11,11,14,9,9
288,1,1,0,0,4,2,3,3,2,6,3,6,13,8,10,5,10,14,9,16,9,13,9,15
289,0,0,0,2,2,5,2,4,5,6,5,11,6,9,7,10,10,9,9,8,18,7,12,15
290,0,0,2,1,4,5,3,5,2,6,6,1,6,9,8,7,11,15,12,10,13,16,9,17
291,0,1,1,2,2,4,1,2,4,3,4,3,6,5,6,6,7,6,8,11,9,12,10,10
292,0,0,1,2,2,3,2,5,5,6,7,5,7,11,9,12,5,8,18,8,9,10,17,14
293,0,1,1,2,3,4,4,3,7,8,3,8,9,6,8,10,9,8,11,12,10,11,14,9
294,0,2,2,0,2,4,2,5,2,5,4,9,7,3,5,8,6,9,10,8,9,11,12,14
295,0,0,0,2,0,4,3,3,3,6,4,4,3,9,9,6,17,4,7,7,7,7,15,17
296,0,0,2,0,1,2,4,6,5,2,5,10,6,11,3,12,9,9,12,8,15,10,13,13
297,0,2,3,1,2,4,5,9,3,6,5,3,4,8,8,11,11,6,10,10,8,12,7,8
298,0,0,3,0,0,5,2,1,1,1,3,6,12,10,6,10,8,10,7,7,11,7,17,12
299,0,1,3,1,5,6,0,3,4,1,4,5,3,7,5,8,11,8,7,16,11,6,10,20
300,0,1,1,0,4,2,7,2,3,5,4,6,2,10,10,10,8,9,11,10,13,14,10,10
301,0,0,0,2,5,2,4,3,2,4,7,5,4,11,5,7,13,11,11,13,9,16,20,12
302,0,0,3,1,1,1,6,6,5,3,3,10,7,8,6,11,5,14,5,20,9,12,9,6
303,0,4,1,1,2,3,2,1,9,3,11,7,5,4,7,11,7,12,8,11,13,11,12,15
304,0,3,1,1,1,5,3,8,2,3,5,3,5,7,5,9,8,15,9,5,9,10,8,13
305,0,1,4,3,2,3,2,2,6,7,4,4,6,6,10,11,6,11,8,6,12,12,15,14
306,1,2,3,0,5,2,4,1,1,3,8,4,4,9,4,8,10,13,5,11,8,14,13,11
307,0,0,1,3,2,2,4,3,2,6,7,7,5,5,5,7,11,6,9,5,12,9,10,20
308,0,1,3,2,5,3,3,1,1,5,8,13,8,4,8,8,5,7,9,6,14,15,9,9
309,0,3,2,2,2,1,4,4,1,6,5,3,6,7,8,6,5,14,10,9,8,10,12,12
310,1,0,0,1,2,3,1,5,6,5,3,5,9,6,11,5,6,16,12,8,12,13,10,12
311,0,0,1,3,3,2,1,0,4,4,3,4,4,4,6,9,5,5,7,16,8,9,15,13
312,0,2,1,3,1,2,4,2,0,5,7,5,3,14,5,3,9,10,17,6,13,11,11,15
313,0,0,3,0,3,2,4,3,5,6,10,6,5,5,10,13,10,7,10,11,10,7,10,12
314,1,0,3,1,2,2,2,4,5,1,4,5,10,7,10,8,5,4,7,8,6,8,10,7
315,0,2,1,2,0,2,4,1,0,5,7,6,6,6,9,8,9,12,9,10,11,9,8,13
316,0,1,0,3,1,5,3,8,3,2,6,7,2,8,7,6,8,8,5,7,14,14,12,13
317,0,1,0,2,7,2,4,3,3,4,3,4,10,12,5,8,9,9,14,9,6,15,12,17
318,0,2,2,0,1,3,3,2,4,7,4,9,3,8,6,12,7,4,5,12,18,12,8,13
319,1,1,1,2,1,4,4,2,2,2,3,5,5,10,4,3,13,5,11,6,10,9,8,14
320,0,1,1,2,5,2,5,2,2,3,4,6,3,6,8,8,15,13,8,11,7,7,12,7
321,0,0,0,0,2,3,3,2,7,3,5,5,4,6,6,7,8,11,6,12,13,7,6,10
322,0,2,1,2,0,4,5,4,2,8,2,8,4,6,5,5,5,2,9,6,7,8,16,10
323,0,0,1,2,3,3,2,3,6,5,8,6,8,13,6,8,9,7,14,10,11,11,6,9
324,0,1,2,0,3,3,7,7,2,4,5,6,5,7,3,5,12,11,11,11,11,11,11,17
325,0,2,2,1,0,1,1,1,5,8,2,7,4,6,12,3,9,8,7,5,10,12,11,11
326,0,0,0,3,2,3,4,5,7,4,3,11,4,4,12,13,11,8,9,11,20,12,15,12
327,0,3,0,1,0,3,4,4,4,3,4,2,2,4,7,7,4,10,13,11,16,15,13,11
328,0,0,1,1,1,5,2,2,9,4,6,3,7,7,6,7,10,12,13,8,11,14,12,8
329,0,0,0,0,1,1,2,1,4,7,3,2,6,8,3,6,10,13,14,9,11,10,7,12
330,0,0,1,2,2,3,6,7,3,6,3,10,11,6,3,6,8,7,9,5,13,17,11,15
331,0,2,1,1,3,2,7,2,4,9,2,5,5,5,5,7,7,9,9,11,6,10,17,8
332,0,1,1,2,2,3,3,5,7,8,5,6,6,8,6,13,12,9,11,6,11,9,9,8
333,0,2,1,2,3,5,6,6,3,3,2,10,11,6,9,9,9,7,8,13,9,13,12,17
334,0,0,0,0,2,2,6,2,3,6,4,7,7,9,9,8,9,9,11,12,12,10,12,13
335,0,0,2,1,3,2,3,1,3,7,2,5,5,6,3,5,8,10,12,9,12,10,14,15
336,0,1,0,2,1,1,2,2,5,2,4,7,4,6,9,2,9,7,11,6,8,4,9,16
337,0,1,3,0,2,3,2,2,4,6,5,6,9,5,5,6,5,14,9,16,11,10,12,17
338,0,0,2,1,1,3,5,3,4,5,3,5,3,6,11,10,8,6,10,6,10,12,9,12
339,0,1,1,1,4,4,2,1,5,5,5,6,5,9,11,8,9,15,12,8,10,8,6,14
340,0,0,5,0,2,4,2,3,4,5,4,6,8,6,8,11,11,11,8,15,11,11,18,15
341,0,1,4,1,2,1,1,7,3,7,2,4,7,10,3,6,5,6,6,12,11,14,16,20
342,0,2,3,2,0,2,3,7,4,0,7,6,4,8,7,6,6,6,8,13,6,15,14,11
343,0,0,1,1,3,3,3,3,6,4,4,6,8,3,7,5,9,6,14,17,11,12,12,16
344,0,0,1,1,0,3,1,4,6,4,5,4,6,8,9,10,11,7,14,7,11,14,16,16
345,0,0,1,3,2,5,4,2,5,1,8,4,3,2,2,8,9,8,5,14,13,9,3,19
346,0,0,0,2,6,5,1,1,3,5,1,8,9,4,6,5,9,8,4,9,17,17,17,11
347,0,0,0,0,0,2,0,1,4,6,5,7,7,7,4,10,8,8,11,10,13,6,10,9
348,1,0,1,1,1,1,5,3,4,2,4,4,5,5,5,6,6,13,8,8,5,16,10,16
349,0,0,1,0,3,3,4,1,4,8,6,5,4,10,8,9,9,7,8,8,14,11,14,7
350,0,0,1,3,2,6,2,4,6,5,7,3,2,7,8,12,5,13,12,9,11,17,7,13
351,0,2,2,2,2,3,3,4,5,5,8,6,3,8,7,4,2,10,7,5,9,14,9,10
352,0,0,3,2,1,1,3,8,5,6,5,8,6,3,9,7,7,13,12,5,4,8,8,12
353,1,1,0,3,2,3,3,3,3,5,5,6,5,9,6,7,7,11,11,6,7,9,8,14
354,0,1,1,0,1,3,4,4,2,6,8,8,7,6,6,9,6,6,10,15,18,12,12,6
355,0,1,1,0,0,3,2,1,3,7,4,4,4,5,6,10,8,8,14,11,7,8,11,13
356,0,1,0,1,3,4,5,5,3,6,5,1,8,6,8,11,4,4,6,6,13,9,18,18
357,0,2,3,1,2,2,2,2,4,7,9,7,2,7,9,10,14,10,9,12,8,9,9,9
358,0,0,4,0,0,3,3,4,3,6,4,6,5,3,8,9,7,18,7,5,11,13,11,12
359,0,2,0,2,0,0,4,0,7,4,3,4,8,8,9,9,5,9,14,11,8,9,11,15
360,0,0,0,4,2,2,6,6,5,2,6,5,8,9,6,7,12,10,11,10,6,10,13,15
361,0,2,0,3,2,1,2,4,3,3,6,7,7,4,4,7,9,6,10,14,8,7,15,13
362,0,1,2,4,1,0,8,8,5,8,4,3,5,6,5,3,9,8,14,7,5,5,8,8
363,0,1,1,0,1,4,3,3,3,2,7,2,7,7,5,8,11,8,14,9,11,15,8,15
364,0,0,0,1,0,6,4,5,6,1,5,6,3,9,10,10,5,5,15,11,8,15,7,14
365,0,1,1,1,1,2,2,4,10,3,7,4,7,9,9,9,12,6,6,10,12,9,8,8
366,0,0,1,2,6,1,4,4,6,5,1,2,7,9,9,13,9,5,5,9,8,16,8,7
367,0,1,1,0,5,3,3,4,4,5,6,3,10,5,8,11,10,5,10,7,10,7,11,11
368,0,0,1,1,4,4,2,3,2,10,6,8,5,10,6,6,11,8,6,15,12,14,11,9
369,1,0,3,1,1,5,6,4,4,5,2,7,6,10,10,14,5,9,15,9,6,10,19,12
370,0,0,1,0,3,0,3,4,8,5,8,6,3,6,10,11,4,4,4,11,6,11,11,18
371,0,0,1,4,1,3,1,2,5,2,5,7,3,9,7,9,8,8,8,8,9,15,10,7
372,0,0,2,1,5,1,5,3,3,8,7,6,3,4,11,7,8,10,9,10,14,10,12,12
373,0,0,1,2,1,2,2,9,3,3,8,6,2,11,7,5,10,11,7,14,10,11,13,12
374,0,1,1,3,0,1,3,9,6,5,2,6,5,11,4,12,7,10,10,15,13,7,7,11
375,0,0,4,0,1,6,6,4,3,4,4,10,6,7,6,8,9,9,6,16,14,6,8,13
376,0,1,1,0,2,6,4,2,5,6,5,2,3,11,10,13,15,16,14,9,9,5,14,14
377,0,0,1,0,2,5,3,3,6,2,3,6,6,5,3,11,12,13,7,11,10,10,14,10
378,0,2,4,2,2,1,5,2,2,7,5,6,5,8,7,8,5,8,12,9,8,13,9,5
379,0,0,2,0,3,4,4,3,1,6,3,5,5,7,7,8,7,3,13,5,13,7,14,12
380,0,1,0,1,1,3,2,10,2,4,3,11,11,5,12,8,8,8,12,5,8,11,18,13
381,0,0,2,2,3,4,3,4,3,3,6,5,5,7,8,16,13,10,13,9,15,12,11,13
382,0,1,0,1,1,6,4,6,5,4,2,6,6,8,11,7,10,8,12,9,13,9,10,11
383,0,1,4,3,2,2,4,5,4,3,6,5,5,7,5,4,10,10,6,15,15,8,13,12
384,0,0,1,0,3,1,3,0,4,1,4,8,9,11,7,5,9,9,8,16,9,9,10,6
385,0,0,2,4,1,2,3,4,4,5,9,9,5,9,8,9,9,11,4,15,10,20,7,8
386,0,0,1,1,2,5,0,5,3,11,4,6,7,6,10,10,3,10,7,10,11,17,14,14
387,0,0,1,3,1,0,2,5,6,5,2,8,7,4,7,7,7,6,10,6,10,9,9,13
388,0,0,2,1,2,2,2,7,9,4,4,9,9,2,4,11,11,6,9,12,6,10,8,9
389,1,0,2,3,1,4,3,5,1,3,5,3,9,13,9,8,6,10,11,7,10,10,12,5
390,0,0,1,1,0,3,1,2,1,4,4,7,3,9,4,7,7,16,8,13,13,11,10,13
391,0,0,2,1,3,3,5,2,6,3,1,3,3,6,4,9,6,8,7,7,10,13,12,6
392,0,1,1,2,2,2,4,2,7,4,3,6,7,4,3,5,9,12,11,4,13,13,11,14
393,0,2,2,2,5,2,3,4,6,7,7,3,7,12,4,5,6,10,9,10,13,12,12,12
394,0,1,2,2,1,4,6,6,5,4,5,6,7,11,6,3,9,7,11,11,12,14,9,13
395,0,0,0,4,2,3,1,2,7,8,4,6,5,8,8,4,5,17,3,7,11,16,14,15
396,0,0,0,2,1,3,4,5,7,4,9,7,9,5,2,8,9,7,12,8,5,10,14,18
397,0,0,1,1,2,1,4,2,4,5,6,5,10,9,9,5,5,9,6,14,8,12,19,14
398,0,0,3,1,3,2,4,5,3,5,1,8,5,6,10,5,11,9,10,16,7,11,11,13
399,0,1,1,0,1,3,4,2,4,8,1,4,5,6,9,12,7,9,13,6,6,13,9,15
400,0,0,0,3,5,3,3,2,7,3,8,8,4,2,8,2,9,11,6,9,18,6,10,14
401,0,1,2,1,0,4,1,7,2,3,5,9,7,5,5,7,7,9,10,16,7,6,12,13
402,0,0,0,1,2,5,2,2,7,5,7,4,4,7,6,8,5,11,7,9,12,12,10,9
403,1,1,0,0,1,1,3,8,4,2,5,6,7,9,6,13,3,6,17,10,9,17,13,8
404,0,0,2,0,2,5,4,6,6,5,2,5,6,9,13,9,8,11,7,15,9,16,9,12
405,0,0,0,0,2,2,3,2,4,9,3,7,5,8,12,5,9,5,8,15,5,10,10,13
406,0,1,1,2,0,1,5,1,3,5,9,7,8,7,5,13,10,8,9,10,8,14,12,12
407,1,1,2,0,3,4,4,1,1,4,8,4,7,10,8,7,6,8,11,7,11,8,12,10
408,2,0,2,1,1,3,6,4,5,2,7,6,7,7,10,8,9,6,10,9,17,5,10,9
409,0,0,3,0,0,2,3,2,4,2,4,5,5,5,10,11,9,13,9,8,15,12,7,11
410,0,0,1,4,2,0,0,3,3,3,5,4,10,5,10,7,7,14,12,16,7,11,15,16
411,0,0,2,0,3,0,7,4,8,2,7,5,10,7,5,14,11,10,11,10,12,11,7,11
412,0,0,0,0,0,3,2,1,4,7,9,5,6,9,8,7,7,5,9,10,11,10,25,13
413,0,0,2,1,2,1,3,6,5,8,5,8,3,11,7,6,16,2,10,15,14,14,16,12
414,0,0,1,4,2,2,4,4,5,3,6,13,5,11,5,9,7,12,11,8,14,14,10,7
415,0,0,3,1,2,0,3,4,4,6,3,4,7,7,7,6,17,11,8,10,10,8,8,12
416,0,1,0,3,1,3,3,5,1,4,11,4,10,3,6,3,10,12,10,12,16,9,16,5
417,1,1,0,2,3,0,5,2,2,4,7,6,8,11,4,5,11,5,14,13,6,16,7,13
418,0,0,0,1,1,2,3,3,3,3,7,2,8,9,17,6,5,13,11,13,9,14,11,17
419,1,0,1,3,0,2,6,3,5,2,2,6,7,9,7,13,12,3,15,8,4,12,21,11
420,0,1,2,0,2,0,4,7,1,5,5,4,9,7,7,6,13,6,9,10,13,10,9,11
421,0,0,2,2,3,2,2,4,2,4,6,5,10,4,8,6,5,12,7,7,13,12,10,8
422,0,0,0,0,3,3,5,2,7,6,5,12,2,10,11,11,6,8,12,13,14,10,7,10
423,0,0,1,3,2,4,3,1,4,5,6,2,3,4,10,8,9,8,12,13,7,7,18,13
424,0,1,1,3,4,2,2,4,5,5,8,5,6,2,6,9,6,9,8,10,14,13,10,25
425,0,0,1,0,1,2,1,5,3,2,10,7,8,3,7,9,6,7,10,3,8,14,13,16
426,1,3,0,1,3,4,2,3,6,2,6,10,6,2,7,11,7,8,3,8,10,9,17,12
427,0,0,0,1,1,3,2,3,4,2,7,7,5,3,8,7,7,10,14,10,12,5,6,12
428,0,1,4,2,2,2,6,3,2,5,7,2,6,7,6,10,9,16,17,11,8,8,8,7
429,0,0,0,2,3,2,5,3,4,4,1,7,6,8,6,4,5,6,10,8,9,10,11,12
430,0,0,0,5,1,3,4,4,3,4,5,2,6,5,7,9,9,10,14,6,12,9,12,15
431,0,0,1,4,1,5,3,6,3,5,6,2,6,7,2,7,4,8,8,10,9,16,10,16
432,0,0,2,1,1,5,2,4,2,6,7,8,2,7,6,8,6,8,10,11,4,8,16,7
433,0,1,1,3,2,2,4,4,6,7,3,1,6,5,8,11,5,8,5,8,9,17,13,13
434,0,0,0,3,1,0,4,6,5,6,3,8,4,5,8,5,14,10,6,7,15,15,12,13
435,0,0,0,0,3,1,2,1,4,6,8,6,8,9,10,5,7,11,12,9,11,6,16,9
436,0,0,4,1,1,5,2,4,1,8,8,3,5,7,7,11,7,11,9,11,11,10,11,11
437,0,2,1,3,0,8,3,3,4,3,6,10,10,9,7,7,15,8,10,12,6,12,17,14
438,0,1,0,5,5,5,0,2,2,4,6,6,7,9,12,12,9,5,14,6,6,4,16,17
439,0,1,4,0,3,2,3,3,6,10,6,6,6,4,10,10,10,3,14,9,5,11,9,10
440,0,0,5,1,0,2,3,6,4,5,5,4,7,3,12,8,9,10,8,10,9,5,10,22
441,0,1,1,0,5,2,2,4,5,3,4,10,5,5,7,6,9,9,5,11,12,8,8,9
442,0,0,3,0,0,4,4,3,6,3,9,10,6,5,9,15,6,16,9,7,12,14,10,10
443,0,2,3,0,2,2,2,8,3,3,11,4,12,1,10,6,11,9,6,11,8,11,10,8
444,0,3,3,2,4,1,5,2,4,6,3,5,11,3,5,8,4,7,10,10,19,16,18,14
445,0,0,4,3,2,3,4,4,7,2,6,4,6,5,5,4,7,14,10,13,14,16,15,10
446,2,1,4,2,0,1,5,7,3,5,2,3,7,12,6,5,5,9,8,7,8,10,9,5
447,0,0,1,1,3,6,5,2,5,2,5,7,6,8,4,8,10,8,10,8,8,10,9,17
448,0,1,2,2,1,3,3,0,2,1,6,3,8,10,7,8,9,5,10,12,9,11,6,8
449,0,0,1,0,0,4,0,4,5,5,3,11,7,7,6,8,9,10,14,15,7,14,12,12
450,0,2,0,2,8,0,6,6,3,3,6,8,5,9,7,10,11,12,13,13,10,13,11,11
451,0,2,3,4,3,0,3,5,2,5,4,5,8,6,11,8,14,6,9,9,6,9,12,13
452,2,0,0,3,3,2,1,2,4,8,6,3,6,5,5,9,10,12,12,18,14,14,9,16
453,2,0,3,4,2,2,2,4,3,5,5,2,7,7,6,10,6,5,8,13,6,9,12,9
454,1,0,1,2,3,8,3,5,4,2,4,4,7,4,8,7,8,10,18,14,8,10,19,12
455,0,1,0,2,2,2,5,2,1,8,5,6,5,7,4,4,6,8,9,10,10,14,11,11
456,0,0,1,4,2,1,1,3,1,3,5,4,4,7,9,5,4,9,10,8,6,10,9,11
457,1,1,1,1,2,5,0,7,5,3,6,10,7,4,3,7,5,7,9,10,8,11,13,10
458,0,0,1,0,2,5,3,2,1,4,9,8,9,4,15,6,11,11,8,10,13,15,14,19
459,1,0,5,1,3,6,0,5,2,3,4,5,9,5,10,5,11,10,9,9,9,7,15,9
460,0,1,0,3,2,4,4,8,8,4,7,14,9,4,5,8,11,17,5,10,15,16,18,10
461,0,1,0,1,1,3,5,5,3,3,4,6,8,5,10,10,10,7,9,11,12,13,13,13
462,1,1,0,3,1,5,4,4,3,6,2,5,4,6,3,7,8,8,11,9,15,8,17,11
463,0,3,1,2,1,4,3,2,6,7,3,9,5,8,14,10,8,6,7,7,6,11,21,18
464,0,0,1,4,3,1,2,2,3,7,5,5,8,4,2,15,5,10,5,11,8,13,12,7
465,0,0,1,2,2,3,3,2,5,7,3,3,7,4,6,7,6,9,9,9,13,9,8,14
466,0,0,0,2,1,5,1,4,1,5,5,9,4,1,7,12,8,8,8,13,8,5,13,6
467,0,0,2,1,3,1,4,5,5,5,3,7,8,8,8,9,10,6,5,9,11,12,10,10
468,1,1,1,7,3,0,0,1,5,5,3,5,3,8,5,10,9,8,6,8,12,6,11,10
469,0,0,3,2,4,2,4,6,3,1,2,6,4,7,10,8,8,14,5,15,7,8,11,11
470,0,0,1,3,2,2,2,1,2,5,7,7,6,6,4,5,3,12,6,12,11,13,12,12
471,0,1,0,1,1,1,4,3,4,5,4,4,2,4,7,8,6,11,11,8,8,13,13,14
472,0,0,0,0,3,2,2,4,1,2,9,7,4,9,6,9,5,9,12,11,11,11,15,14
473,0,1,0,0,4,5,9,4,4,6,3,5,14,3,11,9,6,10,8,7,11,12,7,15
474,0,0,0,0,2,2,5,0,4,3,6,6,10,7,14,4,5,6,5,6,13,10,14,8
475,0,0,0,1,0,4,2,5,3,4,2,4,5,6,6,6,7,12,12,5,12,12,11,13
476,0,0,0,1,2,3,5,4,5,1,7,5,4,10,6,13,8,5,11,4,8,9,9,19
477,0,2,1,0,2,1,4,1,4,4,2,5,8,4,13,7,10,8,8,11,10,14,10,17
478,0,0,1,1,2,2,4,2,6,3,8,4,7,10,4,5,7,9,6,13,11,7,15,9
479,0,0,1,2,3,4,5,4,4,9,4,3,5,9,6,6,11,12,13,12,6,13,9,8
480,0,2,0,2,0,7,3,6,3,7,3,4,3,5,14,5,7,16,9,11,11,9,13,15
481,0,0,0,1,2,1,2,1,5,5,2,7,9,5,9,4,11,7,9,15,11,5,8,17
482,0,1,1,1,2,2,6,3,7,3,8,5,4,12,4,5,10,14,9,9,6,9,9,8
483,0,0,2,0,3,2,5,3,6,4,5,2,5,7,10,9,11,9,13,16,10,9,9,6
484,0,1,1,0,1,1,2,3,2,4,3,5,6,3,7,5,10,11,10,6,7,12,12,15
485,0,1,1,2,2,1,3,3,6,5,5,6,5,5,8,3,14,7,6,12,13,9,9,10
486,1,1,1,7,3,1,4,3,4,5,8,6,8,10,2,6,8,4,11,11,9,15,10,9
487,0,0,1,2,3,4,0,5,3,5,6,6,9,10,9,5,2,6,8,8,11,7,21,15
488,0,0,4,1,1,2,2,5,10,5,1,6,6,4,7,9,3,7,13,9,12,10,14,12
489,0,1,1,1,1,1,3,6,8,7,10,7,5,8,8,10,7,11,7,8,10,12,10,9
490,0,0,2,3,2,2,3,1,6,5,8,7,6,6,8,12,11,9,10,7,8,12,12,12
491,0,0,1,0,0,0,1,1,3,10,4,3,5,6,14,9,9,11,14,9,10,10,10,7
492,0,1,4,2,0,3,3,2,1,4,5,10,5,10,4,8,5,14,12,7,12,5,8,10
493,0,0,2,0,2,4,2,2,2,5,6,6,10,9,9,12,4,10,15,12,5,13,9,9
494,0,1,1,6,6,7,2,3,8,7,2,8,8,12,7,10,13,9,11,10,6,10,7,12
495,0,0,2,1,2,4,4,4,5,10,6,1,8,9,9,6,8,14,9,15,12,10,12,8
496,0,1,2,0,2,2,4,3,4,5,8,4,6,11,7,10,10,15,8,11,15,15,12,7
497,0,1,2,1,2,3,4,3,3,3,4,4,5,5,9,5,12,8,10,13,10,7,12,15
498,0,0,1,2,3,2,3,4,4,4,2,2,7,13,8,7,10,12,12,6,9,10,16,14
499,0,0,1,4,2,3,3,5,2,8,8,3,8,9,7,8,12,11,13,8,8,7,12,15
500,2,0,1,0,7,0,3,3,1,6,7,5,4,6,4,5,11,16,11,12,6,10,13,8
501,0,1,2,1,1,2,5,3,4,5,6,8,3,6,6,13,11,7,9,7,13,13,10,16
502,0,1,1,1,5,2,4,7,8,5,8,5,1,6,7,10,11,4,3,14,14,10,10,21
503,0,0,0,2,4,3,4,3,4,7,6,9,5,10,7,6,8,10,6,13,11,12,12,10
504,0,1,2,0,4,3,2,5,3,3,4,4,9,11,2,10,6,7,12,14,7,11,11,10
505,0,0,0,2,3,7,3,4,4,2,5,6,5,5,9,14,10,11,12,9,14,14,14,8
506,0,1,1,2,3,3,3,6,4,5,4,4,5,5,7,5,11,9,12,5,6,10,9,17
507,0,0,5,2,3,1,4,6,0,5,3,5,6,5,2,11,10,9,9,11,8,10,16,15
508,0,1,0,1,6,2,5,2,3,5,3,5,6,5,4,15,7,14,13,7,9,9,12,14
509,0,1,1,3,2,4,5,5,3,0,3,5,4,5,10,6,10,3,13,5,9,10,10,9
510,0,1,2,1,1,2,2,3,3,4,1,8,6,7,11,10,9,3,11,9,11,9,9,13
511,0,1,0,1,1,3,0,0,4,3,5,2,8,7,8,8,17,13,7,10,9,18,10,14
512,0,2,0,3,2,2,0,6,2,8,4,5,9,4,8,8,5,8,8,10,14,9,18,11
513,0,0,1,1,2,2,5,5,3,2,7,5,7,2,12,9,6,8,11,18,23,7,12,12
514,0,0,1,2,4,3,5,2,8,7,10,9,2,7,9,3,7,14,8,13,11,14,4,9
515,0,1,0,0,0,3,4,1,4,4,6,4,7,6,7,11,10,13,11,8,9,13,13,8
516,0,1,0,0,3,2,6,6,8,2,11,5,4,6,10,13,11,9,7,9,16,9,14,8
517,0,2,0,1,2,2,7,1,3,3,4,4,4,7,3,5,3,7,12,12,14,9,11,11
518,0,0,2,3,2,0,2,3,4,6,3,5,5,7,6,8,7,13,5,10,14,12,13,13
519,0,0,2,1,3,2,6,6,4,5,7,6,7,5,6,7,10,14,9,11,12,8,13,10
520,0,0,4,0,2,1,7,1,6,8,11,3,3,7,7,6,7,8,4,10,5,12,10,10
521,0,0,2,1,1,2,4,8,5,6,4,4,10,8,9,7,10,7,10,11,6,5,15,9
522,0,0,0,1,1,2,6,3,9,4,7,5,4,9,8,8,9,18,8,16,16,11,9,11
523,0,2,2,1,2,0,2,8,5,4,2,9,3,7,3,9,10,8,6,11,10,10,11,10
524,0,1,3,1,1,3,2,5,2,9,5,5,7,7,10,8,7,7,9,15,10,11,9,11
525,0,0,1,2,2,3,5,2,4,6,4,5,10,1,4,5,5,12,5,12,12,10,9,13
526,0,0,1,1,2,1,8,4,9,7,6,4,4,8,7,9,11,11,11,12,6,10,11,13
527,0,0,2,3,3,3,3,4,3,3,7,10,2,9,7,4,15,15,7,10,10,13,11,13
528,0,0,0,2,2,3,1,2,3,3,5,8,7,6,7,6,1,6,5,19,7,13,12,15
529,0,0,1,0,0,1,2,3,2,7,5,2,6,8,4,2,5,9,7,8,9,7,13,12
530,0,0,2,0,1,4,3,10,4,4,6,6,4,6,5,10,6,8,12,8,9,9,14,16
531,0,0,0,6,1,2,6,7,2,2,2,7,1,8,5,6,10,8,14,16,8,9,11,8
532,0,0,0,2,1,5,1,3,3,0,2,5,3,12,6,10,4,14,7,8,6,14,16,14
533,0,1,1,2,3,0,5,2,1,5,2,6,11,3,6,6,7,9,15,3,15,12,10,14
534,0,0,2,1,4,2,4,1,5,3,7,1,9,3,9,14,6,10,6,10,12,12,15,14
535,0,1,2,0,2,3,3,8,3,9,3,9,9,5,10,6,8,9,11,10,11,4,8,14
536,0,0,2,1,2,1,6,4,3,5,2,6,6,4,12,8,6,9,11,7,10,8,12,9
537,0,0,1,2,4,1,3,2,3,7,4,4,6,5,3,9,9,9,7,9,9,6,8,15
538,0,1,1,1,2,2,1,6,4,2,6,3,10,6,7,6,10,9,11,10,9,13,11,7
539,0,0,0,1,3,1,3,2,2,5,2,3,5,10,9,7,14,8,8,6,13,11,4,14
540,0,2,1,3,2,5,2,3,4,3,5,5,5,7,4,10,7,3,11,8,9,12,17,20
541,0,3,2,3,1,0,4,8,5,6,7,10,7,7,3,9,5,8,5,5,9,13,14,11
542,0,2,0,2,1,3,1,4,4,4,6,5,7,7,1,4,8,7,10,11,12,7,12,11
543,0,2,1,4,3,4,2,1,6,5,8,9,9,5,4,10,6,7,5,8,14,12,8,17
544,0,3,0,0,5,5,0,3,1,4,7,10,4,5,7,7,7,6,10,10,16,12,17,14
545,0,2,0,1,2,2,3,5,5,4,1,9,2,7,6,11,12,15,10,6,8,11,23,10
546,0,1,0,2,4,5,2,2,3,4,4,4,10,6,3,5,4,6,10,8,10,19,12,15
547,0,2,5,2,5,3,1,6,4,6,4,2,6,7,4,6,6,9,10,13,7,13,11,15
548,0,0,0,2,2,5,1,6,2,2,9,5,4,7,7,6,6,7,10,11,7,5,12,8
549,0,0,1,1,1,1,2,5,3,5,10,6,4,4,11,7,8,6,11,10,10,6,13,8
550,0,0,0,3,1,2,2,4,7,6,7,6,8,9,8,5,11,8,11,10,12,10,16,15
551,0,0,0,2,2,1,3,7,5,4,9,8,5,7,8,5,6,8,11,5,9,11,10,10
552,0,1,1,2,4,4,0,4,6,4,7,10,6,4,4,8,9,7,8,10,9,12,8,8
553,0,0,0,1,3,4,6,2,3,6,4,6,5,11,2,5,7,11,10,17,16,11,13,10
554,0,1,1,3,4,4,2,3,2,3,1,5,3,7,6,8,5,11,7,13,14,7,13,13
555,0,0,1,2,2,1,4,3,3,2,4,9,6,6,4,8,11,7,12,5,18,9,12,8
556,1,0,0,1,2,3,3,3,5,4,10,5,3,12,5,8,13,8,10,7,12,15,7,13
557,1,0,2,2,3,6,5,4,3,5,2,6,2,7,7,5,5,8,9,11,15,18,7,8
558,0,0,2,1,2,1,5,1,6,5,9,11,9,5,11,3,9,6,6,16,13,7,11,12
559,0,1,1,2,3,3,3,3,5,8,1,2,10,1,5,3,5,10,11,12,17,18,14,11
560,0,2,0,2,7,1,2,2,2,3,6,2,3,4,7,12,4,13,10,14,9,4,13,10
561,0,0,0,2,3,4,3,3,4,2,9,13,5,7,5,6,9,12,9,5,5,11,11,21
562,1,0,1,1,1,3,2,10,1,9,6,5,6,10,7,9,8,6,8,7,12,21,11,15
563,0,1,1,0,3,1,4,3,6,5,3,6,5,7,11,12,9,11,8,9,13,9,7,11
564,0,2,0,2,2,7,2,4,4,2,9,5,7,6,7,6,11,10,13,14,6,11,9,12
565,0,0,2,3,2,4,9,4,4,4,8,4,4,4,10,11,8,12,10,10,7,8,8,11
566,0,0,1,3,0,3,3,1,2,4,4,6,9,5,9,5,7,9,12,11,13,15,9,11
567,0,0,0,0,0,1,4,4,4,3,7,3,4,6,7,9,13,8,9,10,10,5,10,16
568,0,2,0,2,4,1,2,4,2,2,5,8,2,3,6,10,6,13,11,10,6,5,13,10
569,0,0,1,1,1,1,3,2,5,4,5,5,9,1,9,13,10,9,6,14,11,9,14,8
570,0,1,1,2,2,2,3,7,1,5,3,8,9,7,10,10,11,5,7,10,9,11,6,9
571,0,1,0,3,4,2,4,3,2,4,6,3,3,4,3,8,4,9,17,16,15,13,16,15
572,0,0,0,3,2,2,5,2,4,4,7,7,9,7,1,8,7,7,12,10,13,10,11,13
573,0,0,3,2,1,2,3,2,3,5,3,7,5,5,5,9,12,11,12,11,12,9,7,9
574,0,0,0,1,1,2,2,4,0,3,4,6,7,9,6,10,9,6,12,10,12,12,12,18
575,0,1,2,1,1,5,7,5,5,6,8,4,6,9,9,7,6,9,8,8,8,8,10,16
576,0,0,1,2,3,3,2,5,8,4,5,10,6,7,4,7,8,5,10,13,13,11,14,14
577,0,0,0,0,1,3,4,2,3,4,7,5,5,8,10,7,5,12,11,10,14,11,15,17
578,0,0,0,1,2,2,2,0,4,5,3,6,13,14,5,5,9,8,9,13,8,10,16,12
579,0,0,2,1,2,3,2,2,2,7,7,7,7,12,9,3,11,9,7,7,14,6,11,14
580,0,1,0,2,3,1,1,1,4,3,3,4,8,9,7,11,7,6,12,14,15,8,17,9
581,0,0,1,2,2,4,2,6,5,4,3,3,7,7,10,9,10,11,6,8,8,6,13,7
582,0,0,2,2,4,2,3,4,3,8,13,5,9,11,9,10,11,7,10,13,9,19,12,12
583,0,0,0,0,1,4,3,3,1,3,6,8,9,8,8,4,11,10,11,12,8,11,10,15
584,0,0,4,0,1,5,3,4,7,6,6,14,6,11,6,13,8,6,8,14,4,7,14,10
585,0,0,1,3,5,5,3,2,3,6,10,7,11,8,8,12,7,10,11,4,5,10,16,11
586,0,0,2,3,4,2,3,3,8,7,2,3,0,6,8,8,7,8,5,9,6,14,7,10
587,0,0,2,3,0,2,0,1,2,5,3,8,6,4,15,11,6,6,10,5,12,16,15,11
588,0,0,1,4,1,2,3,4,5,3,6,5,4,6,15,10,7,9,14,8,10,17,15,8
589,0,1,0,2,4,4,1,7,5,2,1,4,8,10,7,10,7,11,14,7,13,20,12,11
590,0,1,0,1,3,1,6,7,6,1,5,2,5,10,8,6,11,10,16,8,7,11,3,9
591,2,1,1,1,2,2,1,8,1,3,5,3,10,11,6,6,11,9,11,3,8,5,13,17
592,0,2,1,1,1,1,2,3,4,4,2,4,4,2,9,7,9,8,6,4,10,14,14,17
593,0,1,2,2,2,0,5,5,4,2,6,6,5,8,7,9,2,10,12,9,6,7,10,13
594,0,0,0,3,3,0,6,2,6,6,8,4,8,12,7,13,12,15,14,9,12,17,13,15
595,0,0,1,0,2,3,2,5,4,11,6,4,8,7,7,3,10,14,11,15,10,7,13,14
596,0,1,1,1,1,2,5,9,4,7,4,3,2,5,8,5,6,3,12,6,13,8,10,11
597,0,2,0,3,2,4,8,1,2,4,5,1,10,4,5,6,6,15,11,11,8,14,20,13
598,0,0,2,1,3,3,5,9,3,5,4,1,7,4,4,16,15,7,12,8,17,12,13,11
599,1,1,3,1,0,2,1,1,2,5,9,6,4,7,15,10,7,4,8,13,10,17,12,12
600,0,2,1,2,3,5,3,4,5,7,7,3,12,7,4,11,6,4,11,5,10,7,11,8
601,0,0,1,0,2,0,3,2,6,3,3,7,3,4,5,7,6,12,13,8,5,6,13,11
602,0,1,0,2,3,4,3,2,1,5,6,6,6,10,7,10,8,9,7,8,14,11,11,8
603,1,1,1,2,1,1,2,5,4,4,8,7,6,7,9,7,6,13,7,8,9,16,11,12
604,1,1,1,0,3,2,2,3,2,5,9,3,9,11,5,6,7,10,12,9,10,9,7,14
605,0,0,2,1,2,0,7,5,4,6,3,11,9,5,5,11,7,10,11,10,11,13,9,11
606,0,1,1,1,2,0,4,3,4,6,6,2,3,4,6,4,5,11,7,8,11,6,10,9
607,0,1,0,0,1,2,2,3,3,7,6,5,5,9,8,5,7,9,7,10,10,8,8,9
608,0,1,1,4,1,6,2,3,2,7,3,7,10,5,8,11,9,5,8,11,7,16,8,11
609,0,0,0,2,1,5,4,2,2,5,10,4,10,7,8,9,8,11,9,11,14,17,8,9
610,0,1,0,2,2,2,5,2,4,4,6,10,15,7,7,13,8,8,9,10,15,10,17,8
611,0,0,2,4,3,3,7,3,2,5,5,9,6,6,9,9,5,9,15,10,14,13,9,9
612,0,1,1,1,3,4,6,1,3,5,5,4,10,7,13,9,9,13,13,13,9,12,8,12
613,0,1,1,3,0,2,4,1,4,7,8,6,3,8,10,8,6,5,9,9,14,11,7,9
614,0,0,2,0,6,3,2,4,4,7,6,6,7,10,8,14,8,14,8,14,4,8,4,14
615,1,1,1,1,2,5,2,6,6,5,5,11,7,7,9,7,11,12,9,16,10,14,11,18
616,0,0,1,0,2,3,1,2,2,5,7,7,9,8,11,6,6,9,8,8,14,16,8,13
617,0,0,4,4,1,2,3,6,3,4,7,7,11,4,7,10,8,6,5,8,10,10,12,11
618,0,0,0,1,4,4,6,3,5,8,7,7,3,6,7,9,5,6,11,10,11,11,14,9
619,0,0,0,1,2,3,1,2,5,5,5,4,5,12,9,5,8,10,8,16,13,6,13,11
620,0,0,1,3,2,3,4,5,7,9,5,7,7,7,2,6,9,9,8,11,12,14,9,14
621,0,1,2,1,1,1,3,3,3,4,3,8,11,8,3,5,15,7,13,9,4,18,10,10
622,0,1,0,1,3,1,2,6,1,6,6,8,8,13,3,8,5,13,9,11,12,17,11,12
623,0,0,1,1,2,3,1,1,6,3,10,11,3,4,6,8,10,19,15,14,14,9,10,18
624,0,1,3,3,2,1,5,2,4,1,3,7,7,6,8,6,9,6,10,9,17,15,10,17
625,0,0,1,0,2,4,3,6,3,7,2,6,2,5,7,4,8,12,7,15,8,17,10,16
626,0,0,0,2,1,1,8,3,1,2,9,5,5,9,8,5,7,10,14,11,10,14,10,15
627,0,0,1,0,4,5,5,2,3,1,4,5,6,4,8,8,14,4,10,18,9,10,10,14
628,0,2,1,3,4,0,5,3,4,4,5,7,7,8,4,8,9,10,12,11,4,14,17,9
629,0,1,2,0,0,2,3,4,5,14,6,9,3,8,11,8,4,11,11,10,7,14,18,10
630,0,0,1,1,4,3,4,5,4,2,6,4,6,11,13,8,8,13,13,6,14,11,11,7
631,0,0,0,1,1,2,2,3,5,3,4,4,7,10,5,13,4,9,11,8,8,15,10,14
632,0,1,0,2,5,0,5,0,1,6,4,4,8,6,7,11,6,17,7,11,8,16,11,9
633,0,0,1,2,3,3,7,4,3,5,8,8,10,10,8,9,11,8,9,9,9,12,8,9
634,0,1,2,3,2,10,3,3,7,3,7,6,4,4,11,9,3,13,5,9,7,8,14,17
635,0,1,0,1,1,2,3,0,5,1,4,9,7,8,3,8,11,4,8,14,5,14,11,13
636,0,0,1,1,3,3,5,4,6,7,4,8,11,4,6,14,16,13,15,12,6,4,12,7
637,0,1,1,1,2,1,3,0,3,9,3,10,9,13,5,4,6,11,8,10,12,9,9,15
638,0,1,1,3,1,3,4,4,3,3,3,8,4,3,5,6,11,11,6,9,13,10,11,6
639,0,0,0,2,0,2,3,2,4,6,9,5,2,6,8,6,3,8,8,10,9,12,8,11
640,0,1,1,0,1,2,2,6,3,2,7,5,5,4,5,5,8,11,8,8,9,12,11,10
641,0,0,2,2,2,4,3,5,3,5,2,8,5,6,8,11,13,9,20,11,13,10,9,11
642,0,0,0,4,2,2,5,6,5,2,3,4,4,9,7,12,8,8,5,8,14,13,15,20
643,0,0,0,4,0,4,4,6,4,7,3,2,9,6,9,8,9,7,12,9,10,6,9,7
644,0,0,3,1,1,2,2,7,3,5,1,4,7,7,6,10,6,8,13,10,10,17,10,7
645,1,1,1,3,0,4,1,5,4,7,4,7,4,7,8,10,10,7,6,17,8,14,9,8
646,0,0,0,0,1,2,0,4,8,6,4,2,6,5,10,8,11,11,3,7,10,10,12,8
647,0,0,0,0,1,3,4,4,2,6,5,4,10,9,4,9,5,9,15,7,10,11,7,15
648,0,2,0,5,0,4,3,4,2,9,0,6,11,5,12,6,4,9,9,8,7,11,5,14
649,0,0,2,2,1,2,3,3,10,4,5,6,4,9,9,8,11,5,16,15,3,13,8,10
650,0,0,2,3,0,4,1,1,9,3,6,4,7,12,5,5,12,8,12,5,13,15,14,13
651,0,1,1,2,2,1,5,13,3,2,5,6,10,6,7,9,8,12,10,8,11,4,22,14
652,0,0,0,2,2,3,1,0,5,0,5,7,3,5,9,10,5,11,11,11,10,11,8,13
653,0,0,1,2,3,2,4,4,5,9,4,7,5,7,8,12,13,10,13,5,10,18,7,12
654,0,1,0,0,5,0,2,3,3,5,5,6,10,7,7,10,10,14,10,11,9,15,16,7
655,0,2,2,0,2,2,5,4,8,6,7,5,3,8,10,8,10,7,12,11,6,11,8,10
656,0,0,0,2,3,2,8,6,6,7,11,4,9,7,9,16,6,8,9,7,11,6,11,10
657,0,1,0,0,4,2,3,1,1,5,2,3,4,6,8,9,9,8,14,7,8,10,20,16
658,0,0,3,1,1,2,5,0,3,6,2,10,2,10,3,12,6,8,11,10,11,16,11,8
659,0,0,0,0,0,1,7,2,5,1,5,7,5,8,12,5,7,5,8,11,18,7,12,9
660,1,0,1,1,0,2,4,5,5,1,6,7,6,5,5,8,9,16,12,8,7,16,10,9
661,0,2,1,3,5,4,3,2,5,1,7,11,5,10,7,13,11,7,12,8,12,13,9,9
662,0,0,2,1,0,2,3,2,3,5,6,10,9,7,5,10,6,8,18,7,10,9,8,11
663,0,0,1,0,5,4,3,1,5,3,6,4,11,8,9,12,6,9,7,10,9,11,8,12
664,0,1,2,1,2,0,5,3,7,2,7,6,9,5,13,10,6,7,3,9,10,17,17,11
665,0,0,1,4,2,1,0,3,4,6,3,4,12,8,5,6,3,9,11,11,6,6,10,10
666,0,2,2,1,0,5,3,5,2,8,8,6,7,7,11,6,8,6,5,6,8,12,7,12
667,0,0,2,4,2,2,5,3,6,3,7,9,11,7,5,6,8,11,7,7,7,10,8,12
668,0,1,2,2,1,7,4,3,2,5,4,5,7,5,9,11,8,11,16,9,15,15,20,8
669,0,1,0,2,2,2,5,2,1,1,6,6,4,5,5,14,5,8,15,9,14,16,19,10
670,1,0,2,3,2,3,5,2,5,4,5,5,10,5,10,2,9,10,12,5,7,10,7,10
671,0,2,2,3,1,2,3,4,3,2,4,5,6,8,8,3,12,5,8,16,8,15,13,11
672,0,3,0,3,0,2,6,4,2,4,3,5,10,3,8,5,13,12,11,9,10,10,12,12
673,1,1,1,3,2,2,6,5,2,8,5,7,7,9,13,7,13,9,14,11,12,10,11,14
674,0,0,1,0,5,3,3,4,2,8,10,5,6,3,8,5,4,9,5,10,10,11,10,15
675,0,1,1,0,4,3,1,0,5,3,7,9,4,8,11,5,13,6,10,6,11,8,6,9
676,1,0,2,0,3,7,6,1,2,6,5,5,4,7,10,7,7,11,8,11,13,8,14,7
677,0,1,2,1,1,1,5,3,5,4,2,6,3,7,12,11,7,6,9,14,12,11,9,23
678,0,0,0,4,3,5,3,6,4,4,5,4,7,7,10,7,8,8,9,9,12,9,15,12
679,0,0,3,2,2,1,2,4,4,8,4,4,6,4,7,8,7,9,6,13,7,11,8,17
680,0,0,1,3,3,3,7,6,7,4,4,3,5,3,6,3,9,11,10,9,6,6,16,13
681,1,2,2,1,2,0,6,4,3,4,3,10,7,6,7,6,10,4,7,18,8,8,15,11
682,0,1,2,1,1,2,4,3,8,7,8,5,6,8,8,11,5,8,8,9,14,14,10,19
683,0,1,0,5,1,6,3,2,2,4,3,10,6,2,8,8,8,13,7,8,15,7,7,11
684,1,1,0,2,3,3,2,4,5,9,3,5,7,7,9,4,7,11,10,8,9,10,21,13
685,0,0,0,2,2,2,2,2,5,6,4,3,7,5,8,9,7,11,13,16,9,12,8,13
686,0,0,0,1,4,4,0,3,1,5,5,7,4,7,5,5,4,5,7,14,9,16,7,20
687,0,0,0,0,2,1,4,7,3,7,8,11,6,7,8,8,11,12,9,9,1,8,11,13
688,0,1,3,2,2,4,5,6,9,3,4,5,6,9,5,5,7,11,11,9,9,8,9,14
689,0,0,0,1,1,1,3,3,4,4,10,6,3,4,7,8,7,10,10,9,8,10,10,5
690,0,0,1,1,1,4,2,5,7,5,5,3,5,7,5,9,6,6,6,7,20,8,10,20
691,0,1,0,4,2,3,3,1,3,3,6,4,8,4,9,9,11,8,11,9,13,11,14,17
692,0,1,1,0,1,4,5,2,2,6,7,4,6,4,8,10,7,10,8,16,8,9,10,7
693,0,1,2,3,3,0,2,7,9,6,12,3,4,11,6,5,13,3,11,9,10,14,18,9
694,0,0,1,0,4,5,0,2,2,3,14,6,5,9,4,10,7,5,13,9,10,13,11,12
695,0,0,2,1,2,2,1,2,6,5,6,10,10,7,10,9,12,8,8,2,13,5,8,8
696,0,1,2,0,1,2,3,4,3,9,6,8,8,9,9,15,12,9,4,6,10,13,9,13
697,0,1,2,1,1,3,2,4,4,7,4,7,9,8,4,10,7,7,7,11,12,14,10,11
698,0,0,0,2,0,3,1,5,7,5,6,9,10,7,7,7,10,10,8,9,9,12,16,15
699,0,0,0,2,0,3,0,5,2,8,8,4,3,14,8,6,10,7,12,8,8,6,14,10
700,0,0,3,2,1,5,5,1,4,6,5,11,8,3,2,6,7,7,14,8,11,22,7,11
701,1,2,1,1,2,1,4,11,4,6,6,4,4,3,9,6,9,7,13,6,13,15,10,6
702,0,1,0,1,2,0,4,4,4,4,6,9,5,6,11,8,6,12,2,6,11,9,15,8
703,0,0,2,2,1,1,3,8,3,1,3,6,8,6,3,5,7,10,11,9,14,15,16,10
704,0,1,0,0,3,2,3,4,4,5,2,7,8,10,15,6,6,8,11,16,11,12,9,16
705,1,0,0,0,2,11,6,3,2,1,2,4,4,5,5,6,10,7,10,8,10,13,8,5
706,0,0,2,3,2,1,2,7,5,4,4,3,8,5,10,10,14,5,10,6,11,4,12,8
707,0,0,1,3,3,4,4,1,3,0,5,10,10,7,9,6,7,11,5,3,14,10,9,15
708,0,0,1,3,2,1,4,10,7,5,12,3,7,5,12,7,4,5,10,4,11,8,19,11
709,0,1,1,4,2,4,1,3,5,5,7,8,6,5,8,9,14,11,7,14,7,8,8,16
710,0,1,0,0,1,5,3,2,3,6,7,9,9,5,6,5,5,7,6,10,10,9,14,11
711,0,0,3,1,3,5,1,3,6,5,6,8,6,8,6,11,7,7,9,14,12,7,14,13
712,1,0,0,0,1,3,3,5,2,2,5,3,5,8,4,10,6,6,10,15,11,13,8,10
713,0,0,1,2,2,2,1,3,4,3,4,6,9,13,10,8,10,6,13,14,11,10,19,10
714,0,0,0,0,6,2,5,5,3,2,2,5,9,9,7,6,7,8,12,6,14,11,11,10
715,0,1,3,2,0,2,3,3,5,3,7,2,7,7,9,5,6,9,9,10,11,6,12,15
716,0,0,0,3,2,6,2,7,5,5,3,3,6,6,16,9,8,11,13,10,8,16,11,10
717,0,1,1,0,1,4,4,6,6,6,6,9,3,11,9,9,11,9,8,10,9,9,12,12
718,0,0,0,3,1,2,4,2,8,5,6,6,4,8,5,11,10,10,9,19,13,13,10,11
719,0,1,1,0,1,3,2,4,4,4,2,4,5,6,9,8,9,10,13,9,10,13,8,15
720,0,1,1,2,4,5,2,4,4,7,5,6,9,2,8,11,9,14,14,7,14,15,15,12
721,0,0,1,1,3,2,3,2,8,9,8,6,5,7,6,8,10,5,6,9,7,10,9,10
722,0,1,3,2,2,6,2,7,4,6,5,5,7,3,6,7,7,12,13,7,10,12,9,14
723,1,1,0,3,1,6,2,7,5,6,5,7,4,7,10,10,10,8,7,11,10,10,10,14
724,0,0,0,3,0,5,4,3,2,8,12,3,5,11,8,9,10,19,3,13,18,11,16,14
725,0,1,1,2,3,3,1,4,5,4,1,4,1,4,10,10,8,9,10,12,11,16,11,15
726,0,1,1,0,2,5,4,1,2,5,3,4,4,4,4,6,11,8,11,8,9,8,10,11
727,1,0,1,1,1,0,3,4,2,9,7,5,7,9,9,9,6,10,10,11,10,10,14,9
728,0,1,2,6,1,5,5,7,4,6,1,5,7,4,7,10,11,9,7,12,14,13,8,10
729,0,1,2,1,4,2,6,2,4,8,8,6,6,10,9,9,6,5,6,7,13,10,13,14
730,0,2,0,1,1,1,3,4,6,9,4,8,3,14,5,14,8,5,6,7,9,7,9,10
731,0,0,0,1,3,0,3,4,8,4,5,10,5,8,7,7,11,13,9,9,11,9,14,5
732,0,1,1,1,7,5,4,2,5,2,3,4,11,5,6,3,9,7,6,10,12,8,11,9
733,0,0,3,4,1,1,2,5,3,6,3,9,5,4,11,7,9,11,10,10,12,10,12,11
734,0,2,0,3,3,4,2,5,4,8,5,4,5,5,3,6,10,9,11,9,15,17,12,14
735,0,0,2,2,1,4,2,6,3,5,7,3,4,8,4,9,5,9,7,6,12,7,10,9
736,0,1,0,0,2,1,2,4,6,11,1,1,3,8,12,7,7,11,4,12,17,13,11,12
737,0,1,0,0,4,5,3,5,5,2,6,4,7,6,3,6,10,11,5,10,10,8,11,15
738,0,1,0,2,3,4,3,2,5,5,4,6,6,7,9,11,7,10,10,6,13,6,11,12
739,0,1,0,2,0,2,4,1,3,3,3,8,6,7,4,10,9,5,1,10,16,11,11,9
740,0,2,1,0,3,3,4,4,3,8,2,11,8,8,8,7,10,6,2,9,11,11,16,14
741,0,1,0,1,5,5,1,5,4,10,4,4,4,3,5,7,10,13,13,10,6,8,6,16
742,0,1,0,1,1,0,5,6,4,5,9,13,10,6,10,6,9,6,6,9,10,9,7,11
743,0,0,1,2,4,2,4,5,5,5,3,7,7,4,5,9,4,7,9,10,11,10,12,8
744,0,1,2,1,2,4,3,2,2,1,6,8,6,6,8,7,10,7,8,6,7,18,13,8
745,0,0,1,0,2,1,2,3,9,5,9,8,5,6,10,8,8,8,6,7,8,8,11,14
746,0,1,1,1,3,1,4,4,3,6,10,7,7,8,8,5,10,14,9,7,13,7,8,11
747,1,1,2,0,0,3,4,1,2,3,6,12,8,5,5,13,12,10,9,13,12,10,13,9
748,0,1,0,0,1,1,3,0,5,3,3,7,4,8,5,5,15,7,8,11,10,13,11,12
749,0,1,1,1,1,2,4,2,4,3,8,6,3,7,4,3,9,5,6,13,13,15,15,12
750,0,1,0,1,1,2,2,8,6,10,6,10,6,5,11,4,2,8,9,14,6,14,14,14
751,0,0,2,2,0,3,3,3,8,6,3,6,8,11,12,8,13,9,6,6,8,4,15,10
752,1,1,0,2,2,0,3,4,8,7,4,3,6,10,7,11,9,11,12,8,7,15,8,13
753,0,1,0,2,5,2,5,3,7,4,8,8,6,3,10,15,9,4,12,10,6,3,8,14
754,0,0,0,1,2,1,3,2,6,8,13,5,10,9,6,7,5,9,6,11,13,10,13,17
755,0,1,0,1,1,2,3,8,5,4,2,11,1,6,9,10,8,11,12,9,11,13,10,13
756,0,0,0,2,3,3,3,6,4,5,2,4,6,9,9,5,9,6,19,9,16,14,10,13
757,1,1,1,3,2,1,6,9,4,5,7,9,4,6,10,3,3,6,10,15,7,7,11,17
758,0,0,3,3,1,1,5,3,3,3,5,8,4,2,5,7,12,7,5,6,6,14,14,10
759,0,1,1,1,6,2,5,2,2,6,3,10,9,5,4,3,7,6,10,9,10,15,11,13
760,0,0,0,2,4,3,5,4,12,7,11,8,5,4,10,8,13,6,13,11,10,15,8,11
761,0,0,1,2,3,2,3,3,1,2,4,5,2,8,10,2,7,17,8,12,7,5,7,7
762,0,1,1,1,1,3,2,6,2,7,7,3,9,5,4,8,7,8,8,4,9,10,14,10
763,1,0,2,0,3,2,0,2,7,4,5,6,7,6,9,8,11,11,11,11,11,12,12,13
764,1,1,0,0,0,1,7,1,4,3,10,6,5,7,7,6,6,12,11,10,11,8,17,13
765,0,0,0,2,3,3,2,4,4,5,9,8,6,4,7,3,10,7,15,7,12,10,16,10
766,0,1,1,2,1,7,5,4,4,3,8,4,7,8,5,7,3,6,10,15,8,10,14,13
767,0,0,5,0,3,1,3,2,3,8,4,6,4,9,13,8,7,5,12,7,9,9,6,6
768,0,0,1,3,3,2,2,7,3,7,10,5,7,8,7,9,9,7,12,9,10,12,14,16
769,0,0,4,2,1,1,3,4,1,5,5,3,7,9,4,11,3,8,11,8,15,12,14,9
770,1,2,1,3,0,2,8,3,5,3,5,2,5,2,8,10,15,9,14,6,4,9,15,9
771,0,0,1,4,3,2,0,8,1,10,5,4,6,5,5,6,7,10,13,5,8,12,10,11
772,1,0,3,1,3,2,2,2,0,5,3,6,5,7,2,4,6,9,11,6,12,11,14,12
773,0,1,0,1,3,0,2,8,5,5,5,5,7,4,6,6,11,11,6,10,12,15,20,12
774,0,1,3,1,5,2,4,1,5,6,5,5,3,5,6,8,7,7,7,7,6,14,6,11
775,0,1,1,1,0,6,3,5,3,5,7,0,9,9,6,9,13,13,9,17,10,7,10,15
776,0,0,0,0,1,5,6,6,5,4,2,5,7,6,9,11,7,13,11,12,13,8,9,12
777,0,1,0,1,4,3,5,4,4,5,6,2,6,8,5,13,5,7,5,10,7,8,2,13
778,0,0,1,1,4,2,1,5,3,6,4,8,13,17,4,11,10,10,4,11,5,11,9,16
779,0,2,0,1,4,5,2,3,9,9,3,4,3,7,6,7,6,10,14,9,13,14,10,15
780,0,0,1,1,6,0,1,3,4,6,4,3,10,10,6,11,7,5,7,9,9,9,15,11
781,0,0,3,3,1,3,4,3,4,1,5,7,7,5,11,9,8,7,21,10,10,14,11,14
782,0,0,1,3,2,4,1,4,2,7,5,10,11,2,6,10,8,8,10,15,9,9,13,11
783,0,0,0,1,1,4,7,6,4,4,6,10,8,10,6,9,10,11,10,11,10,12,13,10
784,0,0,2,0,1,1,2,8,4,5,6,2,10,8,16,8,12,2,11,8,10,10,10,14
785,0,0,1,3,1,5,0,3,7,9,2,5,7,5,10,6,7,7,15,12,5,9,11,9
786,0,0,0,3,4,6,3,6,3,7,1,6,4,4,5,3,10,6,7,6,8,10,18,9
787,0,0,4,3,2,2,2,5,5,3,6,8,8,4,10,5,8,8,9,13,10,17,13,16
788,0,0,1,2,1,3,2,5,3,3,4,4,7,6,8,9,7,14,11,7,17,13,8,16
789,0,0,1,1,2,3,3,5,5,6,2,4,6,6,10,7,14,12,8,11,11,15,10,12
790,0,1,4,2,7,1,3,3,5,5,4,5,3,5,9,10,7,8,10,10,9,14,13,11
791,2,0,1,1,3,4,2,5,6,2,4,5,5,2,5,10,11,7,10,9,12,16,13,10
792,0,1,1,1,2,3,1,3,5,3,7,6,5,7,12,6,8,8,10,13,9,11,12,10
793,0,0,0,2,3,3,2,2,2,7,9,8,3,7,2,8,14,12,8,18,9,6,13,11
794,0,2,1,0,1,2,2,2,2,6,0,3,6,8,8,7,10,13,11,9,10,14,10,10
795,0,1,2,3,3,3,3,3,4,6,7,10,8,4,6,11,5,9,7,12,8,6,13,13
796,0,1,1,2,2,1,6,5,5,5,9,5,9,9,7,12,8,12,4,20,8,17,13,8
797,0,1,3,3,2,3,1,2,8,3,6,5,5,14,6,6,9,12,9,12,13,13,9,11
798,1,0,0,2,2,2,2,2,2,4,8,7,4,4,8,13,6,10,12,12,10,15,17,11
799,0,1,2,0,1,5,6,6,2,8,5,7,9,7,7,7,5,7,10,11,14,12,15,14
800,0,3,1,0,6,4,0,4,4,3,6,1,8,2,12,8,5,14,11,12,15,11,11,16
801,0,0,1,5,2,3,4,3,5,5,5,7,11,8,8,9,11,10,4,13,10,11,16,15
802,0,3,0,1,3,3,2,2,5,5,8,4,4,6,6,11,9,5,15,10,11,6,10,11
803,0,1,0,2,0,2,1,2,1,4,4,2,9,6,6,6,8,8,3,13,15,5,8,15
804,0,1,1,2,1,3,5,4,3,2,4,5,8,6,6,14,7,5,11,13,15,7,10,12
805,0,0,2,2,3,4,1,5,2,5,1,4,4,8,12,10,6,4,8,10,13,12,12,5
806,0,0,1,0,2,9,7,4,3,2,4,4,5,9,11,6,7,10,8,15,9,14,15,16
807,0,0,1,2,3,2,3,4,4,9,6,7,2,7,7,9,9,8,13,7,12,7,7,14
808,1,0,2,1,5,2,4,4,2,5,7,4,5,10,12,7,8,6,11,8,14,10,15,14
809,0,1,2,4,3,1,4,5,4,2,5,10,4,8,12,9,8,17,15,8,12,10,18,3
810,1,1,1,3,2,4,3,1,5,6,7,5,9,6,6,6,8,10,10,6,19,7,9,11
811,0,1,1,1,4,1,7,4,3,5,6,7,3,11,10,3,17,11,6,11,11,7,10,13
812,0,2,1,1,1,1,4,4,3,3,2,2,10,6,10,7,11,9,6,11,10,9,14,10
813,0,0,1,4,5,2,2,0,8,3,6,5,3,9,9,2,9,5,15,6,12,8,14,10
814,0,0,0,2,1,3,4,5,1,6,10,5,7,9,10,5,8,2,15,10,13,12,13,12
815,0,1,1,3,1,3,3,2,8,4,3,8,5,5,8,4,5,7,11,3,16,14,9,13
816,0,0,0,2,2,2,2,3,2,6,4,7,10,1,6,10,7,10,7,8,6,9,9,15
817,0,1,0,0,1,2,3,4,7,7,6,6,6,7,7,8,4,8,5,4,8,12,11,6
818,0,1,4,4,2,2,6,1,5,8,7,7,12,2,6,3,10,12,10,10,14,15,16,15
819,0,2,2,1,1,4,1,0,2,4,2,7,3,5,6,10,8,9,5,7,9,18,13,15
820,1,1,0,1,3,2,0,5,6,7,10,5,9,7,6,6,11,10,12,6,7,13,15,12
821,0,1,1,1,0,3,2,3,3,9,5,7,14,5,12,9,11,10,6,8,11,11,10,12
822,0,0,1,3,0,1,0,3,3,2,6,7,6,9,5,12,10,7,10,16,19,16,7,12
823,0,0,2,2,1,2,1,5,1,5,4,7,7,4,5,8,8,10,11,12,10,15,12,18
824,1,1,3,3,2,2,4,3,3,7,6,5,2,7,4,8,10,10,6,15,9,8,9,9
825,0,0,0,1,2,5,3,6,4,13,6,3,9,5,6,6,11,12,13,10,12,17,13,10
826,0,0,0,3,0,2,5,6,3,3,3,7,3,6,9,8,5,10,10,6,20,6,9,10
827,0,0,1,0,4,2,5,1,2,5,7,0,4,4,8,5,6,9,8,7,11,9,14,15
828,0,1,0,0,1,4,1,3,4,2,3,3,6,8,5,7,4,7,6,12,13,12,13,15
829,1,0,0,4,1,2,5,2,5,6,3,8,8,8,9,5,8,8,8,6,4,19,15,5
830,0,0,1,0,4,3,1,3,1,7,7,8,5,11,5,4,8,12,12,10,5,11,17,16
831,0,1,0,1,3,1,3,2,4,3,9,4,6,4,5,7,3,15,8,12,10,15,11,8
832,0,1,3,2,3,4,4,4,7,3,4,3,4,8,5,9,9,7,6,8,11,11,8,19
833,3,1,0,3,2,2,2,3,3,4,2,6,8,10,9,9,8,15,10,9,17,14,6,16
834,0,1,1,2,1,4,6,4,5,3,6,6,2,6,6,5,6,9,8,14,8,10,9,15
835,0,0,2,1,0,3,3,5,2,5,5,7,8,4,9,13,8,8,9,8,12,8,16,13
836,0,2,0,0,2,4,2,2,2,3,5,5,10,5,5,8,3,7,9,7,8,9,14,8
837,0,0,1,0,3,1,2,1,4,5,7,2,1,5,3,7,14,6,14,14,13,11,7,11
838,0,0,3,2,3,6,4,2,2,4,9,3,3,5,7,12,7,9,7,8,3,6,8,11
839,0,4,1,1,4,2,2,4,2,10,4,7,7,8,9,10,10,10,7,8,16,10,16,15
840,0,1,0,2,0,6,3,5,2,3,4,10,12,6,9,8,8,6,11,8,16,10,13,17
841,0,0,1,1,4,0,2,2,5,3,4,8,9,5,8,5,9,12,7,12,9,10,7,14
842,0,0,0,2,1,0,2,6,4,5,5,4,9,6,6,8,8,12,10,6,12,9,18,10
843,1,0,0,1,3,2,6,3,3,8,4,8,4,7,4,8,10,13,7,16,10,9,15,13
844,0,0,1,1,2,1,2,2,3,10,7,5,4,14,6,10,9,4,13,7,17,10,10,7
845,0,0,0,0,4,3,3,6,3,1,5,8,4,4,10,8,17,7,13,8,7,16,5,10
846,0,0,2,2,3,1,5,3,3,4,7,11,3,5,6,11,9,10,6,8,5,8,10,14
847,0,0,2,2,2,1,3,1,7,6,1,8,4,5,6,11,9,5,9,11,8,13,10,12
848,0,1,0,0,4,3,7,5,7,1,8,8,4,4,7,7,10,7,11,9,3,19,19,15
849,0,1,2,1,2,4,3,6,4,7,5,10,3,9,9,13,11,6,16,12,11,13,12,15
850,0,1,0,1,5,2,1,1,9,4,5,11,10,6,10,6,4,10,9,6,9,10,11,12
851,0,0,2,2,0,6,2,2,7,5,6,3,6,4,4,2,13,5,8,8,6,7,8,17
852,0,0,2,0,1,3,4,2,2,9,7,6,4,6,4,6,4,13,14,16,12,6,16,13
853,0,0,2,1,2,4,3,3,4,5,7,7,1,6,7,5,5,8,14,5,12,16,11,7
854,0,0,0,0,1,4,2,0,5,3,4,7,5,6,12,5,6,1,8,8,8,8,17,10
855,0,0,0,0,2,2,4,2,4,3,9,12,11,13,15,7,12,9,12,14,12,11,9,8
856,0,0,0,1,1,2,2,4,2,4,2,6,4,9,6,10,7,12,12,10,17,8,11,15
857,0,0,1,3,1,3,2,6,5,4,4,10,6,5,3,4,11,11,13,8,10,9,9,10
858,0,0,0,2,0,2,5,7,5,5,3,2,7,6,9,10,10,9,7,10,10,8,10,13
859,0,0,2,2,2,2,1,2,5,2,1,7,5,4,7,6,8,5,9,4,8,13,9,19
860,2,0,1,1,5,4,3,1,3,5,7,7,8,15,7,9,11,11,11,7,10,7,20,12
861,0,1,1,1,1,4,6,4,4,4,4,5,4,7,9,9,6,11,10,9,6,4,20,20
862,0,0,4,5,3,4,2,4,6,5,5,8,8,7,3,10,7,6,8,7,8,15,19,13
863,0,0,2,2,2,3,1,3,2,2,8,1,8,5,4,4,12,17,13,11,9,6,12,12
864,0,0,0,1,1,5,0,3,3,4,6,5,8,8,5,8,10,10,15,8,7,6,15,7
865,1,0,1,0,4,2,4,5,7,10,4,4,6,5,8,5,7,13,11,11,8,6,14,11
866,0,1,0,1,2,5,4,4,7,4,4,2,5,12,11,16,3,3,10,10,14,9,9,16
867,0,0,1,1,0,3,7,3,1,9,6,6,8,4,5,8,9,12,7,4,17,12,10,12
868,0,0,0,0,1,5,2,1,3,3,5,3,3,6,11,5,12,7,8,8,8,14,10,7
869,1,0,0,1,2,6,3,7,8,7,5,8,5,4,9,8,10,13,13,10,16,6,10,10
870,0,0,1,3,4,4,3,4,4,3,5,6,8,6,8,6,10,8,9,10,9,11,10,13
871,0,0,1,1,6,0,1,4,2,6,4,3,4,3,12,8,12,14,13,11,13,12,9,12
872,0,0,3,0,2,1,3,3,4,5,5,4,7,7,8,10,10,16,10,16,15,13,8,12
873,0,1,0,1,0,0,2,6,6,5,0,1,6,6,6,3,4,13,9,12,11,13,9,13
874,1,1,1,0,2,0,4,0,8,1,2,6,8,6,8,7,6,9,12,6,12,17,14,8
875,0,1,1,1,4,4,3,4,6,6,5,7,6,3,7,9,9,12,8,6,8,15,14,9
876,0,1,1,3,2,3,3,4,5,5,4,11,7,5,6,18,4,11,11,8,13,9,15,8
877,0,2,0,1,3,2,4,3,4,8,4,6,6,12,7,10,10,9,8,9,8,10,14,20
878,0,2,1,1,0,2,5,4,6,1,8,6,9,6,8,6,9,9,6,9,16,13,9,14
879,0,2,1,2,5,3,2,4,4,6,3,4,6,6,11,11,9,7,9,4,15,10,12,15
880,0,0,2,0,2,2,5,3,3,1,3,5,7,7,6,8,5,4,6,13,10,17,6,18
881,0,2,0,3,4,2,0,3,4,2,3,7,7,8,7,3,6,11,11,10,8,8,12,14
882,0,1,3,1,2,5,2,4,7,1,2,4,3,7,3,7,17,8,6,7,13,10,12,9
883,0,1,5,1,1,2,3,2,9,3,5,3,10,9,8,7,8,7,10,8,7,10,18,14
884,0,0,0,3,1,4,0,3,7,6,8,9,7,5,10,8,3,12,12,13,10,12,9,18
885,0,0,1,3,2,1,4,6,3,4,3,9,7,7,7,8,4,4,13,12,8,17,17,11
886,0,0,2,3,1,0,3,1,3,5,3,5,7,7,10,12,9,8,8,6,12,14,8,11
887,0,0,1,0,1,2,1,1,5,6,9,8,6,6,8,7,6,7,7,12,8,15,10,12
888,0,0,1,2,3,5,3,7,3,4,5,5,4,9,7,5,6,4,10,17,15,13,10,8
889,0,3,0,1,5,1,7,1,4,10,2,7,9,3,4,4,11,10,9,14,12,8,10,9
890,0,1,2,0,1,2,3,5,8,12,7,7,11,5,7,7,6,5,6,10,13,22,10,9
891,0,2,1,1,2,1,6,7,3,6,4,7,5,4,7,5,5,10,10,14,7,12,13,7
892,0,0,0,2,3,1,5,5,2,5,6,4,6,5,4,4,9,12,6,9,5,9,12,10
893,0,0,1,2,1,3,1,1,1,5,7,2,11,6,10,7,10,9,7,12,10,10,10,14
894,0,0,1,1,5,5,1,6,3,4,4,3,1,7,3,8,12,4,10,12,16,11,10,14
895,0,1,1,0,1,2,3,4,4,8,7,4,3,8,7,8,13,10,12,11,12,18,7,6
896,0,2,1,1,2,2,3,5,3,4,3,4,3,6,6,6,8,7,13,8,7,9,9,17
897,0,0,1,0,4,1,6,5,3,6,1,5,6,9,3,12,9,5,10,9,13,13,9,10
898,1,1,2,1,3,2,1,6,8,1,3,7,9,8,11,7,10,6,9,9,17,11,12,13
899,0,0,1,1,2,2,6,8,5,4,6,5,7,6,4,11,11,10,10,6,8,10,11,15
900,0,0,2,1,2,2,3,5,4,3,0,5,9,11,5,7,9,7,10,10,10,6,7,13
901,0,0,1,1,4,3,3,5,5,5,10,7,5,5,14,8,12,4,6,3,15,5,8,13
902,0,1,0,1,0,1,6,2,2,5,7,7,9,10,5,8,8,12,7,15,10,15,12,14
903,1,1,1,0,0,3,5,6,4,6,2,7,10,11,8,4,8,10,7,13,6,12,11,10
904,1,2,0,0,0,2,4,2,3,5,6,4,5,7,6,6,6,12,9,8,13,11,8,15
905,0,0,2,2,3,1,4,4,5,3,1,9,11,1,7,6,10,10,5,8,7,12,7,8
906,0,0,0,1,2,2,3,3,4,3,4,9,6,9,6,4,10,10,5,15,12,9,14,18
907,0,1,1,1,4,2,2,3,6,4,5,8,7,5,9,5,6,8,5,13,11,14,13,10
908,0,0,0,1,2,2,2,2,4,6,6,6,2,3,5,10,12,4,5,8,12,8,14,12
909,0,2,0,1,3,3,1,1,3,8,6,7,6,3,12,9,11,10,6,6,10,12,9,8
910,0,0,0,0,3,4,4,2,3,8,6,7,7,2,3,11,6,6,10,10,8,11,12,15
911,0,0,5,2,6,5,0,9,5,2,6,10,8,15,5,8,8,7,13,16,9,16,9,7
912,0,0,3,2,1,2,2,4,6,5,10,6,15,8,7,10,5,4,6,10,13,11,6,12
913,0,0,2,3,3,3,3,5,3,6,6,8,6,5,6,9,6,7,6,11,10,15,9,16
914,0,1,0,3,2,4,1,7,6,5,6,8,0,5,5,13,8,17,12,8,4,12,14,13
915,0,0,0,3,1,6,3,7,7,3,2,2,6,8,7,18,13,13,9,10,13,12,14,11
916,0,2,2,2,0,1,2,1,6,6,4,1,4,5,9,11,19,9,17,10,5,10,7,16
917,0,0,1,0,0,1,4,4,7,4,3,7,5,8,8,2,8,11,11,9,20,9,12,19
918,0,0,0,0,2,5,3,3,6,3,5,12,8,7,10,6,15,10,10,14,6,5,17,10
919,0,1,2,1,2,1,3,5,5,2,7,3,6,5,9,8,9,9,6,6,8,9,10,6
920,0,1,2,2,1,4,2,5,3,5,3,6,4,6,2,13,8,9,10,13,8,10,13,12
921,0,0,1,1,0,3,6,6,5,3,6,5,5,12,8,15,9,11,11,1,10,8,11,11
922,0,0,0,2,5,1,5,4,3,3,4,8,10,4,3,15,4,10,13,11,12,14,10,8
923,0,0,2,2,0,3,3,2,4,4,8,6,2,11,9,7,6,4,7,11,6,11,7,13
924,0,1,4,3,3,2,1,2,6,7,6,3,8,7,5,9,12,7,12,8,12,11,10,13
925,0,1,0,0,3,2,1,5,6,3,3,7,7,9,6,7,13,5,9,7,10,9,13,16
926,0,1,0,1,5,1,2,4,6,3,4,9,1,5,8,8,12,9,11,3,5,14,7,17
927,0,0,0,2,4,1,1,1,6,2,3,6,7,6,6,7,7,13,12,8,11,10,13,8
928,0,1,0,2,1,3,3,3,6,7,6,7,3,6,9,4,3,19,11,10,11,13,11,9
929,0,0,0,1,1,2,3,3,2,6,2,5,9,10,6,3,7,4,8,7,8,9,8,6
930,0,0,1,1,1,2,3,3,4,6,3,1,6,10,11,9,8,11,12,10,10,14,9,13
931,0,0,0,4,2,7,0,3,4,5,3,6,6,6,6,8,6,9,8,9,6,14,9,10
932,0,0,0,2,1,5,2,2,4,5,5,10,12,5,5,10,12,11,12,10,11,15,14,17
933,0,0,2,0,0,4,4,2,3,5,3,5,11,2,9,6,12,4,8,10,12,9,15,12
934,1,0,0,3,1,2,4,4,3,9,6,9,8,7,7,6,13,8,4,7,9,11,7,12
935,0,0,0,2,1,6,6,3,12,8,6,4,3,3,6,4,7,9,6,7,8,12,7,14
936,0,1,0,1,1,2,3,3,5,3,5,8,5,12,5,5,6,10,4,13,13,10,10,17
937,1,1,1,3,2,0,5,8,4,7,5,5,4,3,7,5,6,12,8,7,16,13,7,9
938,0,0,0,4,4,3,0,7,5,2,7,9,1,4,8,7,5,12,6,12,10,11,12,12
939,0,1,1,4,2,4,2,2,2,6,4,3,7,8,7,5,10,10,10,8,10,10,12,12
940,0,4,1,1,3,0,7,3,4,6,8,4,10,7,6,7,6,11,11,15,7,12,9,7
941,0,0,1,1,3,2,2,1,2,3,6,5,5,8,7,11,15,10,9,12,9,9,9,14
942,0,0,2,1,2,7,3,4,7,5,4,6,4,6,7,5,5,8,12,15,15,8,14,8
943,0,1,3,0,2,3,2,5,6,3,6,2,5,11,5,16,10,5,10,14,20,11,14,7
944,0,0,1,4,1,2,1,5,2,4,4,2,9,6,5,13,6,7,7,12,11,6,7,10
945,1,2,0,1,4,3,4,4,4,9,5,5,5,6,10,7,5,15,12,9,17,9,8,10
946,0,0,1,2,1,5,3,5,7,2,8,3,11,7,8,8,10,8,18,7,9,9,13,13
947,0,0,0,1,1,1,1,3,1,4,4,5,6,5,2,12,10,10,10,12,12,11,9,16
948,0,3,2,3,2,4,3,6,2,6,5,5,9,5,8,5,9,7,14,9,13,6,12,13
949,0,1,0,1,2,1,4,4,3,2,6,0,7,7,5,4,7,8,6,13,10,15,13,13
950,0,0,3,2,5,2,3,5,5,5,1,3,6,8,10,6,10,6,9,13,12,9,12,7
951,0,2,0,0,0,2,3,6,2,3,4,7,10,9,7,8,6,9,6,9,8,12,7,10
952,1,1,0,1,1,1,4,3,7,8,1,3,3,4,9,4,8,12,12,9,12,12,9,7
953,1,0,0,0,1,3,2,2,4,5,5,3,0,4,7,9,9,7,9,9,4,10,13,17
954,1,0,1,3,3,1,5,3,5,7,5,10,7,6,3,1,4,8,21,9,15,9,9,11
955,0,0,0,2,3,2,2,6,3,5,4,3,7,6,7,11,8,8,9,12,5,11,14,10
956,0,0,3,1,2,0,6,2,5,3,10,8,9,5,6,13,8,10,7,12,13,11,12,14
957,0,0,1,1,3,1,7,7,8,4,11,3,2,8,8,7,8,12,9,6,8,6,9,16
958,0,2,0,1,2,3,2,2,5,6,8,2,12,8,5,9,14,7,11,12,14,8,11,11
959,0,0,4,2,3,2,6,4,1,6,6,9,6,6,12,9,10,11,10,9,12,11,16,12
960,0,1,1,1,2,3,3,5,4,6,3,6,5,12,4,7,4,13,15,8,10,7,5,13
961,0,0,2,1,1,2,8,1,2,5,4,7,8,2,7,7,3,10,13,13,5,21,10,7
962,0,0,0,0,2,1,3,2,5,2,7,7,9,8,7,6,8,11,11,8,17,12,12,9
963,0,0,1,2,1,2,1,8,5,4,3,8,5,10,9,5,7,8,8,9,12,11,10,13
964,0,0,1,1,1,0,1,1,8,4,1,5,6,4,5,8,5,11,13,9,7,7,13,10
965,0,0,0,1,3,2,2,5,7,1,3,7,4,5,10,5,9,5,7,4,16,16,6,13
966,0,0,1,3,8,1,1,4,4,7,4,6,3,10,8,13,8,7,8,10,10,13,10,10
967,0,0,2,3,3,2,7,1,5,3,5,7,7,8,6,8,8,5,16,12,14,10,13,11
968,0,0,1,0,3,3,1,4,5,5,8,3,5,4,10,4,8,9,7,10,14,13,13,17
969,0,2,0,3,2,1,2,5,3,7,8,4,6,5,7,1,6,12,8,6,5,9,13,8
970,1,0,0,3,1,3,2,2,8,3,5,7,5,6,3,7,7,9,11,10,11,13,11,15
971,0,0,0,0,2,4,4,6,3,7,8,7,4,5,4,10,5,7,6,14,15,11,18,16
972,0,0,2,3,1,1,1,4,2,5,4,8,14,3,5,5,7,4,13,10,10,8,8,14
973,0,0,1,0,2,2,2,3,3,11,3,9,11,4,6,8,7,6,5,10,9,11,13,14
974,0,3,2,1,0,1,3,3,3,3,2,7,4,8,9,7,6,11,17,14,11,11,13,13
975,0,0,1,1,4,1,4,2,3,4,7,5,9,4,5,8,6,9,8,6,12,18,16,5
976,1,1,0,0,2,1,6,4,6,3,3,4,7,12,10,10,10,12,8,8,11,8,14,11
977,0,1,3,1,2,3,1,3,7,8,2,9,8,7,8,5,10,3,11,7,4,7,10,12
978,0,0,3,2,1,5,5,0,5,5,4,5,6,7,10,5,8,10,7,14,11,15,11,8
979,0,0,0,3,5,2,5,6,2,7,5,13,9,8,9,7,7,7,9,8,8,18,14,7
980,0,1,3,3,2,5,0,6,2,4,3,11,5,9,14,4,7,12,16,9,12,11,13,9
981,0,1,1,2,2,1,3,4,2,2,3,5,7,9,7,8,8,9,11,7,11,8,17,11
982,0,0,0,0,4,5,4,2,2,5,5,8,8,5,12,9,8,7,9,9,7,9,12,11
983,0,1,0,3,4,1,3,2,4,4,8,10,9,6,9,7,11,12,14,12,18,17,14,10
984,0,0,0,1,1,5,2,7,3,2,7,10,5,8,6,14,6,5,12,5,5,14,11,15
985,0,1,1,1,1,1,5,3,5,3,5,6,9,6,10,17,5,6,4,13,12,9,6,14
986,1,0,2,0,2,4,3,2,11,7,4,5,12,5,13,10,8,8,10,8,6,9,13,7
987,0,0,1,3,2,2,2,1,5,5,3,6,8,4,7,5,4,6,14,9,8,9,10,11
988,0,1,0,2,1,2,1,4,4,5,7,7,5,5,13,10,7,6,8,5,8,13,12,8
989,0,0,3,1,3,2,4,1,3,6,2,4,7,4,8,8,14,8,12,9,9,11,9,10
990,0,1,1,0,0,3,7,6,3,5,4,8,7,5,11,7,8,12,9,9,12,9,5,11
991,0,1,1,2,2,2,2,1,4,6,4,7,11,7,10,9,13,12,9,15,16,7,7,14
992,0,0,2,0,1,0,5,2,3,2,6,6,11,9,5,12,9,7,7,7,7,14,10,14
993,0,0,1,4,6,3,3,7,7,6,7,5,9,7,5,3,8,6,14,7,14,10,14,9
994,0,0,1,1,2,2,2,2,7,6,8,3,7,7,4,14,10,6,10,7,10,15,10,14
995,0,0,1,1,0,1,5,2,1,7,5,5,4,4,9,7,12,7,10,6,5,9,16,15
996,0,2,0,1,1,6,3,6,5,5,10,5,9,8,3,5,4,11,7,13,12,14,15,9
997,0,1,1,0,0,2,4,3,2,5,9,7,13,7,6,10,10,14,10,12,17,12,14,12
998,0,1,1,2,2,4,2,1,5,5,4,6,4,6,10,5,7,9,12,12,11,12,7,12
999,0,0,1,4,0,1,5,6,2,5,5,4,5,6,5,6,6,11,5,8,5,13,9,16
