row_num,province_0,province_1,province_2
0,7.315607077894496,24.553870701921916,50.64928489963188
1,6.755712541265081,29.068806294581854,64.49933251629166
2,7.19697040533163,22.691182486216356,52.82376230981974
3,6.251437104205138,22.17633271343521,46.437997500160435
4,8.355925320232926,24.952128039161956,62.584849438497194
5,8.157425495876433,27.857442165730262,58.05802390246248
6,9.638717339925895,22.261728681027293,52.483624419474545
7,5.220504998003232,19.41480740823021,50.85167454955244
8,8.127057234411348,25.354717181347517,53.52115757111712
9,7.167407437601589,26.921629400396935,49.11337123341369
10,8.293552420932322,26.566556134786055,50.50380411456049
11,8.020617670339764,21.88072997584585,48.694439473760184
12,8.293224776896,24.133219918711866,52.05338766710432
13,9.080254251153121,25.022511530105454,65.16919825563514
14,9.807502776856438,23.829164573056126,47.29818848838519
15,7.456902854527879,23.006475970786653,58.970398329018
16,7.740459384296496,20.117537950915427,57.87297343566799
17,7.759831850358144,23.701659657920388,47.620652453329654
18,7.860353582922315,18.61722874579203,52.76936622425559
19,7.294870345350578,26.465691188418237,51.466245462263174
20,7.905624385848351,26.0962704817423,65.29725730583012
21,7.698727790775951,21.572151444759342,55.74277558848664
22,5.9233381806922605,21.039859456821212,58.03727856004781
23,7.981991408098415,31.639084015444027,54.27134621091318
24,8.130116715704828,22.829188991156823,54.313926136199036
25,7.6812157039114926,26.115933162738667,52.283430433968554
26,8.488343690329359,22.04961800500192,53.551243091409745
27,7.782365932857793,21.276995974499272,60.95590929265608
28,6.863585573606555,21.886819214665177,52.77755241637881
29,8.71984461515078,27.640137131471157,56.07271913055354
30,7.0245530569745585,23.39894913862421,48.78188084221048
31,7.859837113959173,21.530157256314325,55.660201518350426
32,6.366398955359184,23.702689034882425,57.9565500867176
33,6.488488483507714,24.992757102551153,44.26117356391472
34,9.16072490969903,22.755754572573913,55.82813058773324
35,5.431985132957589,28.748424562233424,67.19606223107081
36,8.564283689901556,22.308081766878395,66.45401060003888
37,6.33430649599353,19.803468986371488,50.697934920276474
38,6.551265119154453,20.001807408806926,53.050140655994156
39,8.92507723362727,27.706775960885402,56.53612752973345
40,8.439278351349,22.354429268155492,52.59443958721461
41,8.19833131411289,21.156993375086362,55.23069775166127
42,6.434968904672758,26.47189518365265,54.70225026061665
43,7.4998776827643425,23.348070985463444,48.01176445345281
44,7.727605756778707,25.500868330357346,53.97399928035719
45,5.050061302943375,22.52816682906086,54.41869259227383
46,6.684321120053891,20.488747495157774,44.632178304276664
47,6.0463718595816385,21.489009936285917,60.03988028691028
48,8.280419471720226,24.726949511549414,58.40014517534191
49,5.5450012812684575,24.300211445829543,48.543433489709926
50,7.110203071686065,23.410373008005458,48.76698380569525
51,8.595346334348404,23.7794497560136,57.4333341101375
52,6.044950877396735,31.348699985256605,46.0434528558889
53,5.769977604865563,24.551390286234877,55.80230561223975
54,7.888772981989389,19.29748530723474,60.10499688969895
55,6.551705736567394,25.309127245417365,63.27876180835624
56,8.565236443355673,24.838294886076483,54.94542176560736
57,7.699900385018483,21.616675662960933,54.2082670503097
58,7.394933068216789,23.760632657497627,55.88535486447755
59,6.516471190111941,25.036897557283282,48.764628595627265
60,7.754342663923788,28.858965344431386,49.55816367157285
61,8.46266236794931,22.050213078898636,58.43418730509289
62,9.08514709747616,23.51033265746048,47.39833004404903
63,6.992121525463908,21.547480000413614,59.115520679142875
64,8.9536405968062,23.576780966536226,54.07301817371736
65,8.865670490855248,23.800452992077552,49.73372556364676
66,6.725453871860659,21.918921434191294,49.335427572112984
67,5.77018163162154,22.92769451074943,48.794707721434406
68,7.151986553988991,27.85269716823786,54.4124298737997
69,8.284274760284184,25.20985219430913,54.1375088533579
70,7.205417964812633,18.027254827588468,52.327812444022086
71,7.34082359968127,24.623133140379935,49.2483506255826
72,6.179909776006572,21.928722652007764,41.30203575823499
73,9.458957321658364,21.04486353285023,51.51441526935103
74,8.251821695093767,30.14114427017695,50.94713384737866
75,5.515605987990792,24.706984793028873,45.628217301209034
76,7.553774309662009,26.089965198014713,42.50232876385071
77,9.464593702068633,24.77573359168109,44.39733022015128
78,7.267061320126061,28.008926346619063,56.18422753589857
79,7.604852287378703,16.073094531857713,55.391808355094
80,8.644517483863268,26.332001966133323,58.65934753612022
81,7.784987374960476,22.074248363634876,57.90769522399147
82,7.240881300964804,21.957280848236454,41.19051596342281
83,7.379708666390651,21.98592475357877,49.72605006703154
84,6.8457793624747065,25.51913383975547,61.148782091896635
85,7.307519936275143,29.859571382956133,53.16994076547322
86,7.365236443500354,20.572581384884565,55.56734023281851
87,7.825459253651929,23.156588576208335,48.97552265354297
88,7.554722030884771,21.459277226934837,51.770907599765216
89,7.703509132789879,26.664440180301973,54.2191409334782
90,7.2121535992249335,23.12374806529334,51.547885486360606
91,7.025754207682711,30.925111404876862,45.22358509867138
92,7.6766058440472715,29.213207702827063,58.3479610262746
93,7.639656543389085,20.887069384533106,54.54009063287157
94,8.27423384665411,21.873428711669327,54.23369038254334
95,7.838294685133887,22.700834131063978,50.372142292979014
96,7.710326847433867,23.269907430502222,58.08007198224882
97,7.984049182149079,33.10735186146464,53.08471026222037
98,8.108535513739529,28.347460816004276,54.18377471938201
99,7.373997903608458,26.054142633589553,64.11826113352268
100,7.401342380774793,25.353421197427636,53.795435935695295
101,8.309033084517205,22.0750303327832,54.94751478801245
102,6.94910868122206,22.713938201021705,56.86604860225867
103,5.7423147560622,18.84925224528826,51.69645001989746
104,6.467498395321216,27.024218070353662,59.12427384392234
105,4.874983520028594,23.184073189496907,43.0234509674615
106,8.52661328938574,24.309969455142912,52.98577749375954
107,7.05655717170505,25.653805262623226,52.3196539798409
108,7.541270557551457,24.096010379842113,54.081822605830716
109,8.096275446006922,23.59136178701211,46.14017430683562
110,6.891174741882775,24.638013678474888,53.08685409716208
111,8.720952051172166,29.377859225138828,59.198756559381025
112,7.730888739084794,21.88993634761466,58.931556087600555
113,8.35422804301971,22.394388170172927,55.566126857911776
114,6.7808715992036195,27.352947337745324,46.23307212421886
115,8.175014463516753,20.441666936132133,51.515307687178264
116,9.070370551716934,25.629087357986844,52.204669306700914
117,7.608974002897837,20.227839127787867,44.17257394983683
118,9.622360097350331,27.838459452503685,45.89899882167415
119,7.374900901071192,21.54349270943479,52.799479949481764
120,8.51837625633937,24.544827185295247,46.95998919241706
121,7.706745567046594,25.429672046241368,50.87638097202904
122,6.918807427911659,22.74996311141985,50.902887856926284
123,7.455248410752871,24.79498104558737,38.96338457411943
124,8.812680131449417,26.983805254569255,54.84171525033895
125,7.1249817427587665,21.31862840607257,44.26407626807074
126,8.689419328837864,27.532675248127813,56.61009565936088
127,4.179630736412685,34.16088987195377,54.40564584204867
128,9.414810446777427,20.7491147512438,54.29260673159247
129,7.054217873960288,22.965160702633014,42.523505432599244
130,7.163724135170173,25.062281565694693,40.60608620046257
131,6.646618922798691,23.863353773312397,61.37573083485538
132,6.303554103502404,24.78908641427043,47.16773242809938
133,7.392390735098266,28.907505156801022,58.77514801015694
134,6.528731841586335,23.993872868917315,48.367954256435596
135,8.825640741852792,23.101625453501764,60.42198627784215
136,7.2713119140155555,25.429443207175694,44.347996369386784
137,4.96384623716994,24.489408310826942,59.55394665360953
138,9.261137738371321,23.81378381506628,62.31895241225806
139,9.483654556984586,17.867849365158126,63.51470244640329
140,5.646805526082244,21.060187652367212,54.33454465978179
141,7.634851003783367,26.195919970271824,49.20162558908282
142,8.2118632719127,17.6323480969065,51.447021132802846
143,7.73476865665695,24.754684427414293,40.85822988749723
144,7.11086619319648,24.020428286439277,59.219473849905924
145,8.570082999062796,21.670330842842183,58.95414918966766
146,9.282523566265489,23.958381074550008,49.48173417434622
147,7.453363462632912,26.214497212523717,46.71653663345401
148,5.625253049729924,26.38449600587,59.08480466824042
149,5.344691860065225,22.799977878194333,51.437172720195676
150,7.028024855051427,22.88710539447475,59.74742238158738
151,6.945171671106659,24.010490980272404,52.717870403487716
152,6.047134857518332,22.21398308769258,54.14261296625827
153,5.874814425472085,23.2451820633906,54.03821760999213
154,7.028916488716359,25.48945852285834,53.913637571842145
155,7.431236857854412,22.84400752720522,52.30233454771471
156,7.150274899338619,24.356598352689304,46.94640007648309
157,7.430084446684582,21.6998282928864,56.01322219731324
158,5.434424665728902,25.524097357025042,48.860508597226215
159,9.230869360553896,26.512122830327563,67.75182059427485
160,6.218090503028296,22.906882059585797,52.073307078803424
161,7.901805540533704,26.685400617151426,51.62012882921303
162,7.672652073349171,24.014056821508987,52.99198250418595
163,7.543873259438771,24.884826930294565,52.31862497812564
164,8.728718264022866,21.922525232949425,45.96711414151152
165,7.864973942883925,24.95570847912878,50.336532248706185
166,7.0686613603228565,24.657905118700548,57.45022327986345
167,6.934972021613815,25.59796881649325,57.783103012337065
168,8.394892792895657,24.395288132959795,55.32144609436645
169,6.659888531949113,22.85125872784242,53.008361166703835
170,6.431943819320555,29.094432784519316,52.370092237405984
171,6.54059867200497,24.313941033448707,51.948683970806876
172,7.411392998382473,21.11048549159168,54.42838448070076
173,5.375541714475731,21.682495950087336,53.79017130920654
174,5.921338202198032,26.559467490433136,55.765758804571796
175,7.516011930584273,14.064135700623694,67.84589483343697
176,6.037742838797119,25.269612442216005,48.69916050851043
177,9.148343341963749,23.507829930237552,54.43122225654974
178,7.3711637461768955,18.953908909121445,47.62460562674119
179,9.045011030498284,23.161352693583837,50.1727330415509
180,6.212188034467317,18.514660833503257,46.17560467288169
181,6.385282773379625,24.588589420836097,51.48828591947127
182,7.652309856291537,24.736380427330175,53.08660660886172
183,7.467684998657084,23.76414455173584,59.34694805451438
184,7.267780620515397,17.21150464920154,38.836798730326514
185,7.417785692502864,26.423555134267836,53.13448209913836
186,7.837318234668487,22.56265130038609,50.525868372274374
187,6.62630820675957,27.653103180398496,58.33414764281796
188,6.432252557981156,28.91368191992841,47.40212083077219
189,6.29780012540865,24.676943149765506,48.29562701872692
190,7.899599739417986,19.994437701507515,52.24328807152407
191,6.617554204317013,18.317687159551507,41.9504252520488
192,7.138630713640426,24.640412752372004,60.066921316798485
193,7.77580714565619,25.314195043059286,57.98758764783106
194,8.096068247555142,24.242623540861743,51.671878937565495
195,9.105203622295274,23.971823741666714,49.10503116031441
196,6.936929196977984,24.737421972455405,45.66245745591253
197,6.940446191798739,21.383399570920496,49.36222698099933
198,8.533085661829588,19.106837341730774,48.1764268637575
199,7.259167644876026,24.99634761859747,49.08461070457491
200,7.395320649818975,22.853563220519522,52.89202108153167
201,7.595539732643404,21.037182146928444,51.90756089725106
202,8.132556402934116,24.039481464860117,46.431534117863414
203,8.700207422656659,19.421010664233343,45.826097870324666
204,6.571010536056347,25.239442191330212,66.18571764210333
205,7.641169786778508,25.561742435731144,56.19481959339978
206,7.54801681387727,21.437275025832676,54.531242597160144
207,7.602611735194885,27.42678631579475,54.186393753797375
208,7.806851595031782,25.24347691225794,41.64184124372775
209,7.281883900150135,30.659543428070485,54.10307812101955
210,6.9246763611072994,21.601972688532882,53.99591990347116
211,7.357333504242854,25.049912574011334,45.73575894434425
212,8.942573133161897,27.87589624472436,48.486992083623825
213,6.736950485089986,25.12028838551299,52.487584683916126
214,6.893326786122353,27.39473141220532,59.56200028183589
215,7.106739746809626,25.85129949280523,43.70843781841048
216,8.965662506283305,23.227863321479006,51.8139739799969
217,8.623131192813322,24.45327857308786,52.06911930335008
218,8.530499509552909,24.841795232387874,50.734825969713164
219,8.460519758704395,25.712252141256783,58.48344783768083
220,6.54031824398523,23.91886064468371,48.27576954998939
221,7.136684453818117,23.32242768828676,56.77229254571781
222,8.580297105641405,23.298464577182724,54.62363892563569
223,7.707409214212058,23.06822737287314,56.45927389108576
224,6.288661317267799,25.812095133472674,50.30624180370123
225,8.234745161179438,24.294855262693886,46.882883760775954
226,8.148093394315776,20.083021858593305,67.74399484833333
227,8.998253384081448,28.687515371908987,47.52341628943648
228,8.032710070314808,23.503838512808375,51.86075961159787
229,7.059482994976719,26.83297075297571,51.858093098143954
230,7.949294024548651,21.358393254459468,55.93444613078782
231,6.757907941784484,21.45113412436529,62.25886631783378
232,7.21628397550913,28.569600764190238,48.16652283973497
233,6.882615083095089,18.294282059131334,48.976413721029694
234,8.745139610797194,24.65414566771789,48.98487566828803
235,8.299756425157847,26.501257471619226,48.77224621446335
236,7.905633626060212,22.00597652686936,47.637684095413775
237,8.76640102018866,25.46714576287774,56.66440630727552
238,7.4741762741406195,25.7860423028649,60.76944272729541
239,7.495864489099666,21.78341049543134,47.70319695692798
240,8.33487619309177,19.81115549464597,48.067071932868885
241,7.187906956246285,16.414344020037404,48.912682232108146
242,8.696119487066229,23.17866275244621,61.237137075667725
243,7.145542708412339,20.303782984172425,56.8834851102031
244,8.030856095118109,27.998842449909027,54.93677074431572
245,9.128786551904051,19.97496029515194,56.19576984277572
246,7.21716434127495,23.179586898495856,50.69521548457122
247,7.617310086535941,25.09566175866571,49.627025869225825
248,9.214141801408257,18.468550260288495,48.49793676700591
249,8.35475697910333,25.30577421568151,63.63162180866054
250,6.740549443543272,20.628550431285433,50.101600426811245
251,8.115057979202913,23.602692643897665,49.47405357159097
252,5.754153323507069,18.40424126625426,43.94616588406384
253,5.971906233334554,27.12851087649333,45.75668670446877
254,8.230834537702052,25.29357736841498,53.65268685776172
255,6.29212919041361,21.08000097646966,50.81765383349143
256,9.170473535116887,27.349245253881378,62.317936676881914
257,8.291654694965938,26.067497226436377,47.877142535602275
258,8.934560310727836,25.82767625689941,59.43906491999049
259,7.402070212345273,28.73970734590054,53.49277293998036
260,8.10081393245939,24.00338543956786,49.44531788980948
261,7.432862407728943,23.370281392081047,63.03862369092603
262,8.005735560901499,20.560088558369294,39.950558396392225
263,7.517659140407039,23.96236976481925,44.69491879989975
264,7.524505090954808,23.565901265826035,52.88985600224298
265,7.6505346009044,26.663483363461786,55.56027325476761
266,9.233784294732805,27.27135072728327,52.18759780106035
267,5.357196030470141,22.04883827982666,44.17646466645198
268,6.807444118638063,22.418196963772665,57.55045726243951
269,5.389640179204525,23.37852594104902,53.60322255531477
270,6.356603435063931,23.3484075679687,59.08695988325265
271,7.8338308912569055,20.616382622901817,43.249490035576976
272,7.769650816548443,25.079690619352107,60.525840081063215
273,7.178145154808121,21.359105674951138,56.659948033759385
274,6.394165011441723,23.214604908289836,45.712985775634905
275,8.195009962909552,22.108790968376304,53.12861359036859
276,7.405436364347346,28.09271917971237,55.78550400923304
277,6.203160470064859,16.55592717604845,52.03976354417739
278,6.893511318694117,21.582620078548278,47.756965883578374
279,7.89570512074686,19.68701083683113,46.54416688055685
280,7.0839186441438695,27.17465331390729,47.445913073015724
281,7.004344949832696,20.106824392499462,51.908150428322244
282,5.490653327870238,22.856379998511382,40.582192997146464
283,7.611711521081425,19.06749486564599,62.843247259781165
284,7.63810837651071,20.394822752065647,43.95624388944255
285,7.214142291955765,26.824618375455074,55.04595159566113
286,8.04581647718824,22.8518002573882,50.82633096294579
287,7.0256193026455485,21.017970810006172,46.001299214447286
288,7.338228712203438,22.53157708749718,50.0370883686588
289,7.568315065781034,20.092853918838813,50.996518275647844
290,8.060881393119736,25.886860089571712,58.214698658679985
291,4.9538479115528355,17.889209268650824,59.60078589553338
292,7.442165246079689,21.393504380737966,47.862995595276274
293,6.457670761685415,20.287868547510637,52.52980163405124
294,7.195312260952127,22.45198365201329,46.05470336066695
295,7.327987126342815,23.830626828454804,53.71176490902556
296,6.412583461967316,24.85474381007364,51.95507009115461
297,6.816126093581147,26.963046355746926,60.25154039571852
298,7.476366945955297,26.109358370834666,58.151697212062395
299,8.697236223376542,18.418141763097832,56.52320841886821
300,6.760354671395377,28.826153225177478,56.26797713850941
301,7.226462098409864,25.46791230553282,62.55408290309051
302,7.466106417287751,24.546366691126266,59.10831232811422
303,6.323458197103314,24.34922514433923,50.437990486899885
304,9.63892788124118,26.663672005840034,57.265705754768156
305,5.079602029687744,23.963440043953927,50.38384222624118
306,6.4350354612542064,22.513278493733473,51.186036401621756
307,6.439134509860985,24.70982225639017,52.202987775499864
308,8.912378626615986,24.430943257555604,56.16628468928407
309,7.891152287467445,21.69866894368657,55.76503028082431
310,7.303125854132902,25.388323308369195,68.82771839445584
311,7.374373475700864,25.020465063902535,58.030076426397905
312,7.3288084848785555,24.29606583517524,44.5405033462861
313,8.948091431307354,27.997871965228367,59.87966791016658
314,7.9172845415377795,20.54172403564391,52.48024304030464
315,7.597655926533195,21.2801663767288,48.15176836979292
316,7.327036172460298,28.292668000312958,52.24409708079647
317,7.383986273920347,22.476483735910794,51.634480353344166
318,7.334643357202962,25.046242951891198,50.83217706781734
319,8.85811238893295,27.08327873996138,52.504842685525986
320,5.252625655566661,27.041118775027794,61.12952095570512
321,7.50933437596445,25.5574228809977,51.09557327134735
322,5.837808546429994,27.258138055473168,58.071613398133444
323,5.510667804560265,30.05153403364985,64.64796604216542
324,6.649761439759569,22.16563707025382,57.112779960928016
325,6.637208612529645,22.39517393506614,53.20399072432403
326,7.572915384383887,23.26810869138599,55.37047600393366
327,8.485805783414765,23.459242574885252,54.27820114863901
328,7.341954134645475,23.096121251213404,48.18422323511521
329,7.699724705044973,25.532897225200575,54.27341248094183
330,6.195725399258798,23.709068520668342,51.88551354167342
331,5.581295558883662,25.954144502480556,55.36363564054054
332,6.397891842505212,25.43264534034576,57.42187788589933
333,7.071280408476728,26.870196476004892,50.211310012877995
334,6.980089150611584,24.28266181764241,52.67973147928787
335,7.458569347100866,27.658456433083238,53.885460619107135
336,9.549616887821703,24.483765759881614,53.31336527906553
337,7.497923109326239,15.06817334014599,55.2312760128964
338,9.282219614387092,18.042427385546844,58.39164366021383
339,6.650218704206097,24.805694478613045,49.0699403636902
340,7.195516872255823,22.136025752478403,45.868110819041014
341,7.280665274369646,21.64017816261437,64.79763123063441
342,7.206243465589912,20.942118378277506,60.33545050806184
343,8.614091465949496,26.611938933427297,45.20918192180534
344,7.072958850651624,24.659741058199906,38.95864578393112
345,8.572347518269755,25.36642673877426,44.81103391320308
346,8.121867939708268,23.82848775009749,50.05870802211338
347,6.809136153011314,18.99307667134857,54.322417564624935
348,6.022327779182678,24.33455906985115,47.59328733187104
349,6.818678792800607,22.405125458398075,48.57226541401798
350,7.245038077482802,26.169378983480037,59.95124616396641
351,9.697853444198842,26.49802946652217,41.42336569062569
352,9.193155141834774,22.287992808874943,46.18239007185634
353,6.925694634164757,20.118769016391013,51.9226290736447
354,7.2992185685794215,23.8731121189941,58.54020425171497
355,6.683138325854841,25.277659747592864,48.058452140289646
356,8.19146279083917,20.071179275282297,52.47402481059511
357,6.117878046424277,21.61563623164815,46.54994786509043
358,5.579103401036409,26.85053524184657,48.68933532046235
359,7.497979198952893,25.050864731840107,53.802893572974114
360,7.067265712506337,28.460725233438232,50.38259778710746
361,8.10085418699042,17.78253649251885,52.914432968721634
362,7.017006077124504,24.49208969292909,58.66821764748232
363,6.785608451205526,25.17949836371543,56.91650519664704
364,7.981280943512857,18.738137490583057,49.797984443313155
365,7.843897761187055,25.252206206248726,50.52191576035455
366,6.866181058352822,26.20433031413731,62.6507190060762
367,7.881851455993915,26.571354003688484,50.361636328568935
368,8.387665049643616,20.866476941852635,55.45778674329657
369,11.068636976426834,26.588068052668675,52.14865477510784
370,5.556136183792629,24.96812536885823,47.618219740574276
371,9.48517516732199,30.390903142491176,54.674154086956456
372,7.248462840218792,27.116024186325866,55.67012601485189
373,8.525472129259942,22.047200275523757,57.83985541541888
374,8.186420205783945,19.46237014832214,60.84737865921335
375,5.159188248496399,29.254024387303843,46.200126145648206
376,6.997429023763244,23.538706705755256,59.42191442011278
377,8.582596823024918,23.975608985720015,58.77527394946314
378,7.373811590306326,19.32456598307087,52.01211410834122
379,7.860534736886306,27.44191511808495,48.596469686592876
380,6.276023063777092,18.99759851441042,49.81372523666467
381,8.582059854867303,23.969029142538435,46.19683204699269
382,7.931457890466196,20.403739291438196,48.82626812801685
383,8.656326401882446,24.70496384742703,61.926990469130175
384,9.366578237777794,23.00063712273029,49.69063671435781
385,7.013781036530241,28.812303275370347,47.74470122151287
386,6.790629654236227,21.188901119151332,45.47103327042258
387,8.542785111828175,20.43689479500437,53.38876230580864
388,9.408101267591231,24.123562139759787,42.426089779397756
389,7.793661075682927,20.31197154738783,51.750346029376146
390,8.321135566104505,31.922046183102516,52.82141147232411
391,6.126476018502835,20.27950592897307,46.9859081592365
392,8.226216233653155,25.417404161055735,49.3857065718516
393,7.485572751364031,18.71259973700468,44.11006668914251
394,4.755427774283502,26.76440538544571,42.9502471030407
395,7.066478435669951,26.44846389304996,47.246918176941634
396,7.530754569840257,22.333242377435504,51.063919821484056
397,7.977107804174887,25.628555435881587,49.61674394534088
398,6.284725257104982,31.503079322402193,50.232321885960076
399,5.368149020263985,22.31213743915739,60.190466353442424
400,8.03644269832046,22.10159724548284,47.332957165933436
401,7.379071415014918,23.045057087523293,63.02650059799899
402,7.973000597836078,21.80084591459437,61.04264284928519
403,8.565208827025874,25.850637577344045,61.851644370304236
404,6.203939337270178,24.751931694605496,46.45411846209295
405,7.819202807965575,23.325484435002277,55.451366119257656
406,7.277965991004667,26.272623892646347,46.42850020225214
407,7.9934255432043315,17.52460562493845,52.92229576300382
408,7.36666817166704,24.316961495499587,55.95518235450333
409,8.96895458382711,24.708533913321553,60.842746104371656
410,7.07692091149023,26.041277912356968,46.627167834127135
411,7.149202163830399,21.743142402653184,58.09661707333593
412,5.753901923593639,22.228614704778295,51.77178570465664
413,6.832993665505083,21.41163080951477,47.78670627899346
414,8.874335871215472,27.18541775311812,55.91648363843027
415,8.95195444847099,25.24790257287564,49.78888661389114
416,6.535643525946419,24.659051163751577,49.079939175928516
417,8.234991038506529,23.75318493055257,46.71866264494342
418,6.79322859652359,25.28641284997213,47.14050442524688
419,6.544684170716337,26.503276250541724,50.403208716369406
420,6.017883153567656,20.20548196018691,49.55848513866161
421,7.078310591707104,25.55138503905108,49.52507534846399
422,6.600045389436175,22.86296013997332,47.014269178169705
423,7.332709925896748,24.96744363357557,48.92941328837156
424,7.890530815994381,23.364095622869534,48.83700288196864
425,8.080177273054801,23.379587552738386,57.437276136874985
426,7.505884846266381,25.884533216737047,52.06485903127452
427,6.733624903073513,24.102689770151486,42.10475903343176
428,6.297676663850592,27.03186022687901,60.14045368880505
429,8.316456904199274,18.21600229383724,59.89336952736961
430,6.069367043763253,24.225715208494588,49.63162387834952
431,8.16626341246637,24.041796193701067,57.86182984549214
432,5.98911592139992,22.252965874203085,50.23650804101155
433,7.093550500001702,24.07988268532182,54.14352070770945
434,6.9053755466455256,29.78612000211821,51.39920239738203
435,8.25296438216392,23.149312401306425,44.62696585069071
436,7.7185758365315476,19.695563127686242,62.68335890557704
437,8.242393718605472,22.093617033169828,53.19415388661771
438,9.952448364785052,20.86737041756036,45.09788225593674
439,9.013196144960673,28.512486226535227,50.27655789792748
440,7.734019472423352,27.216810061124917,56.88227558952871
441,6.693743460120063,25.896037395259114,50.467570757931725
442,9.468145184817129,25.134462453134397,52.36092608317813
443,7.154219046137839,21.910075275715343,51.69248534279488
444,8.065370396528099,23.36516747609715,48.49672835909711
445,7.778296005295672,26.324282529269716,48.67306581790224
446,7.3352398055989365,16.377775302032365,52.18613714085433
447,9.02387877563057,24.85202843237282,52.636382269915245
448,7.0813859324904005,23.09913263748936,54.99719770829171
449,7.844448373704138,19.559526230569297,53.84770524089954
450,9.158542219158715,26.26791873977295,61.112578775287396
451,6.98351452364424,20.184407507085062,49.494893972125126
452,6.297723743397995,21.7654018910409,46.05497632902958
453,7.863855598814577,26.432067089959325,50.54123421539469
454,5.819668588994205,15.852657338110431,46.07881501436263
455,7.651960690404317,21.935604437153252,53.00534302018137
456,9.417107083377932,24.457069602751506,61.40414280922599
457,6.623471679078509,25.078361931064446,53.73631977580883
458,6.705750122244638,24.410193077870062,59.01150015937398
459,7.600918399073621,34.31971676140307,50.59446938907812
460,6.359686357743202,24.245556395490933,51.958183968208246
461,8.721350444482308,21.829213934792552,50.72662464437331
462,6.8073119351549725,23.840716636403506,47.181296619950565
463,8.910579391735393,25.28325024866035,55.61360083439304
464,7.246333875890011,21.043004055806804,55.62028193298845
465,8.226102221160058,23.047865009656654,56.34559273235316
466,8.940616542655931,24.106160476413315,48.66798509515968
467,7.941098651239219,25.3336350947963,52.81214389742463
468,9.211693041169468,23.541405276854643,42.6755992205339
469,7.383210273582067,18.37936770365088,60.135684142190144
470,6.291693464377223,21.346832763506704,43.6255190678094
471,5.972015894707647,25.730649261847233,57.076673155305556
472,9.622795662899208,23.460147254725925,57.01085060928965
473,7.905774859346007,22.73390590130668,54.54239380737409
474,8.472550336057953,27.55279031181155,53.37553614334906
475,8.242844353644916,22.669942440685695,43.30475288955908
476,6.102981291491379,17.05965309391793,57.37957095161231
477,6.610226604751908,17.182261293356117,47.09087305400901
478,6.75640347617095,26.027835830881987,50.421232063634
479,7.9165839534042215,28.292701488842788,53.17966138541043
480,6.278899916900171,22.983724069541804,60.38059537730466
481,6.8826965926583386,27.99025517332937,48.544695686328865
482,7.140271788047309,28.38493668525269,64.3273239963675
483,6.772406986797584,26.489386799056806,56.33561344015757
484,7.883722939636087,23.539217363796013,58.61375108397173
485,7.001172870611363,19.441166668058457,52.975409627107716
486,9.95005124423713,27.101276360330267,51.35625656842228
487,9.220476105134788,24.594004418932855,56.405088540921426
488,8.632551582459353,20.87197171066487,53.177857878631166
489,9.299318080783614,23.84798422295539,53.016899162779744
490,6.6199479043507825,19.228100252409206,49.28247203703224
491,6.749462722584196,23.597239957747043,47.15300826228279
492,7.181210284215478,22.822500042632747,50.5376128598309
493,8.395231129917828,24.69829617486743,48.518360528062885
494,7.600758114963737,24.317059364946097,46.91332760111614
495,7.550948304473158,20.482437099863013,65.95620810300828
496,7.4221915507152305,21.299769770047078,58.65986477186564
497,8.53799000676472,21.625380858092328,35.30358470471535
498,8.303536751481785,20.663307968384167,49.887389704608
499,7.677593126762801,22.84138822443601,45.38611654462458
500,7.6250228029264395,18.35599969821259,47.8825341470204
501,7.896492982662281,26.70374008968391,46.78789578217188
502,5.662054616581156,27.530017803840714,65.17385687898543
503,7.641825836872286,26.87788897953535,53.103866506717935
504,7.690577595828243,22.813614453732033,45.84463497384536
505,7.266905653594211,19.52503914091981,48.993820284271635
506,6.961461646877229,27.14271081850456,60.455928996915915
507,8.145422681172054,23.350563371046356,53.59322198567382
508,8.098100707945694,21.79373083989183,61.66669674977268
509,6.822839905600802,18.9726369689454,53.65626534181972
510,7.809955165721567,23.768077671356505,57.477750815852445
511,6.858887649947852,23.040403432143588,50.60773556635178
512,9.345213559457667,20.60760756443558,54.813613956808744
513,8.460637599616604,22.202084667708416,55.52260451747563
514,9.75045312665124,20.24074998121469,62.86757453997547
515,7.750002064530003,24.592722556146587,59.687446486854554
516,6.273986682484088,23.3171506307582,44.13502314719323
517,8.946194626367443,21.900524039775824,44.273923503330394
518,8.041288499632635,25.739007179820927,45.53306001285081
519,7.596896484003839,22.153718538340623,47.82832570909342
520,8.628157204407254,25.33043696246485,56.17530242789655
521,8.48552560156202,20.400995572548695,44.11910193547185
522,6.607451081007226,27.089596533153692,49.597405500277425
523,9.381936963786883,21.736422944321895,56.599592363988435
524,6.6866322471926285,25.72963218510722,53.57476622983193
525,7.584156031536654,31.6433331183716,45.2035943606213
526,7.275566516053345,22.09112057800311,56.350430674140675
527,8.462955093780392,25.75650554196131,56.98977214057223
528,7.559590533963016,23.62276007401123,53.85867575184931
529,6.827754882317178,25.354976734864287,59.37591880434975
530,7.8619808333836,21.068296511402583,58.59915622186762
531,6.7411875988174,23.75188265181339,68.1061274704966
532,5.889047668363452,23.524003175580255,58.792652629627256
533,5.921477681653353,22.179497943352594,57.980637987757746
534,6.191684725860575,25.14228831094379,51.58381474499198
535,7.4730528044572,22.745987288143755,55.712660658766474
536,7.501241105377079,20.11728023004908,46.9328766731699
537,6.127466837395514,20.761172013053105,45.25476228242755
538,6.515212219993262,16.176536594518325,56.44261167765665
539,8.318143703992586,23.65775207258641,50.29856619909344
540,9.499386393673337,22.372486679370724,55.85712569662319
541,9.165042217454705,26.72152453356655,52.25150217255774
542,7.760997865982983,19.50474696032801,60.16742085635542
543,8.23779316658792,17.939804641506402,51.96550091659816
544,8.36380222681938,25.890376592771393,55.28125457833127
545,7.8412931758633935,21.58934208703605,42.786981761637094
546,7.857700990686254,19.175305037973953,50.417037137915486
547,6.859272255885251,28.82489566910374,59.07789977872496
548,6.9314541273839865,20.36590521015777,53.79682820344553
549,7.350540529018596,30.420508073335913,51.854441391087086
550,9.25195991067184,26.41451890942492,49.67263676552207
551,7.243789639377686,22.912364465530107,54.13431880218254
552,9.522369016744172,24.44741956797989,54.32638582476059
553,6.823514928490803,27.804416588401004,39.94776413181283
554,7.919144283622186,23.871600236517242,55.690506364564044
555,6.358524947144003,24.203646811366507,53.46711567372736
556,5.636344536521676,26.780868559245327,56.09409868347748
557,6.651900267455471,20.79551093406465,52.54786394958546
558,6.815434337828314,19.33520256312611,48.770882298745036
559,7.999033325944947,19.359434300307154,58.91819936581636
560,8.664996769396165,23.16941467793297,47.14468940083685
561,6.85863773083542,21.527745100726754,56.87055531210005
562,7.153048525545538,25.270992908273342,54.438902441603275
563,6.795481626771826,25.721134557130345,55.07520438788916
564,5.996684423920712,17.530879351925492,54.97199277053274
565,8.074493358108155,22.486617826167144,52.780503317768094
566,8.37201233312932,25.22320816508892,52.68553245348032
567,7.501390155317431,21.587960171520148,51.53161888413541
568,8.502104146090753,29.326427043122933,45.02339812268683
569,8.360855904841115,25.79253262728597,51.55493935227333
570,6.898434071046733,22.579726868261424,50.39895841892746
571,8.05846462143848,28.105334976022398,57.19941267111745
572,7.4900430730989385,23.605909671504154,53.13293812938643
573,7.687591361306069,20.19211089212957,53.81851845176763
574,7.632070988405933,19.221288419191445,59.02623399448717
575,7.3514764135957495,18.489739473923628,47.867591390678484
576,9.041883495217515,22.7852505718785,61.462248546807665
577,6.723796200238317,26.93023051295029,54.437753103114005
578,7.999835661020241,21.840963937918104,49.27805901033017
579,7.320120832318973,16.355594364638478,45.94219950945633
580,8.395105640998704,22.534985197982856,55.57319334565791
581,7.866639105287018,24.78607889913498,45.85442859464296
582,7.150806277806327,27.023390408146636,48.442938368256236
583,8.137895757343497,23.705777102779397,58.45721674557231
584,7.936015475987924,26.172747912489466,60.65960661634362
585,7.97153228709015,23.75817680516703,45.380536602284074
586,7.0487727471258035,24.592056719894423,43.53136231369374
587,6.891316570811889,21.877123581168284,41.03891162496198
588,7.492358098251348,24.137620447199524,50.761594011253656
589,8.204497706653143,21.474087757055077,47.06442514993613
590,8.973224382723334,24.67691682778069,57.28669199382011
591,8.847495200892011,24.09851192025088,44.66576719100668
592,7.41114263288333,22.312331332301238,60.56875198919208
593,8.20721117092069,21.787648319899652,51.329707725006955
594,5.69686228765765,21.38726955315897,45.17582891341106
595,7.778189856016128,19.695263589065384,49.90244645961849
596,6.153713759484205,22.476541967458957,48.66968835919135
597,9.871273625642804,27.262898422523183,53.87917317617533
598,7.5122097952333124,22.400560918843738,53.89720610893635
599,8.727194849629416,18.51974264622091,55.38582708355352
600,7.1254876789984785,26.405802885409898,52.755856407986776
601,7.5093274087926964,22.219431536396538,54.53395634612867
602,6.457264150459132,26.97009144640974,54.165172345256934
603,8.085994057404456,26.81895189391281,55.477153518354505
604,7.576793965400979,19.958765000575706,61.84233116352379
605,6.845440265437297,20.718431879759578,60.93342388776816
606,9.093401562961349,25.177407154076043,51.459537445229785
607,6.224057778685162,19.90238361373224,53.02066952781725
608,8.354985407468416,24.7597267288972,41.60534248149527
609,8.296107964655056,26.126846793410603,59.920470806071755
610,7.0859669976999395,31.997506899994654,50.808952261932575
611,8.731067911048699,27.161062861241824,59.94642708553431
612,6.676283286705642,26.706562741235963,58.05745250620464
613,8.473078238042554,21.39100705432733,53.50733977085519
614,8.08569744722391,22.53690965284834,63.56256318952681
615,7.0374490109565135,23.468461276370085,49.945944381917634
616,8.744350522140648,27.400970010258632,55.11847973636818
617,7.071097260071866,24.350136002739585,54.117298429377165
618,7.792073988210412,22.660640644887433,60.47493431604367
619,7.21396532522693,19.03860798555948,33.67782946174087
620,6.38195561682658,29.79397332837113,49.221709620566095
621,6.269752201809525,23.88712891320388,51.48762774939593
622,6.13526091891883,24.713468225994077,44.00517543938047
623,6.195111456627093,21.012308958806873,43.55512732373713
624,7.978691726609537,21.445500759723906,50.009581194776565
625,8.599015593289675,23.495891138887426,43.404838958204074
626,8.44356599762311,25.991707233202415,55.289103920019876
627,7.446886234330625,21.250566714827137,58.35491591759059
628,7.9574036571900235,25.6581925856352,61.48646044044672
629,7.457950815580012,23.154985206952,56.23724870558093
630,6.6192928000421105,23.08628292279065,47.356477402196916
631,6.96637855073348,20.707293293680266,52.95600965139117
632,7.223124926079219,24.111184668527347,53.70471960295518
633,7.265783524276793,24.17058688426955,51.59976642725069
634,8.119311373573503,26.37121826604304,49.507025345582974
635,8.541077041568219,21.242727431439267,56.68367689277704
636,8.167447229896794,23.054921590366263,51.52278045638019
637,7.587578135948794,19.300717673834296,44.477072593269995
638,6.6550526969848836,24.53903028297291,56.600656152960575
639,7.135648816123001,20.642933040076983,54.04435164178564
640,8.157281356211838,20.675093684748283,46.86138742890571
641,7.210233663905786,27.80030089663969,49.27148174020836
642,8.106834704696027,24.92805553688934,64.0240445649044
643,8.323962898418145,23.197949926384435,49.54119008618629
644,8.780763630051077,22.089851952904873,54.724966610977106
645,7.067269338914858,23.63455595757394,51.82016134680675
646,8.787509202214952,19.511574978539464,54.970793485972294
647,7.268122473156696,22.770058284544103,66.15732394015973
648,6.394130102137227,23.307740879216745,53.3484285641771
649,8.309790319178497,22.68768339328113,51.4154025801752
650,7.745229720652359,24.902202178683275,49.019924395516206
651,7.635262861764918,26.68687354675548,58.9026439376084
652,5.402819812377485,26.1510982066915,48.41696685765793
653,8.718465869297738,22.820535297261273,43.80018682135493
654,6.925254694973648,24.44825948839226,48.90248426079491
655,7.926672638622503,23.828491845726763,58.37715135603092
656,6.907589331465951,28.510459982299654,49.23275956413055
657,5.781006033204146,22.222754895486062,50.223621371500606
658,7.753482500353316,23.528385994311066,55.16634403912893
659,8.686152223324736,22.514045459646535,46.65775740776691
660,6.353400584836242,20.836661656098673,51.354987967818154
661,6.886694842753066,22.047814588586487,54.355831898431155
662,5.595619666531007,21.301445173255704,45.540176845725355
663,8.003157602210148,23.959840062477763,57.39242214662999
664,6.506317558616201,22.495046716864817,49.47087155397678
665,8.39155486430947,23.047977714449583,63.501786603187306
666,7.741927524138232,26.19476702728403,49.409278592403794
667,7.785249592075171,19.728454475175482,42.27941514246225
668,8.597319504984569,23.395605378517704,60.44682111437493
669,8.172125661204902,26.318981335966306,60.502770861395
670,6.69323836109612,21.23163843675277,56.49105051359667
671,7.775615809261228,25.755835796389952,52.22519470043412
672,5.52154919109665,20.791800155853657,48.5303788496412
673,8.153671133469253,23.04231202954987,55.40055876589744
674,8.360406671705686,21.18831919482157,46.883793018830254
675,9.281891567099533,19.209712273793635,49.69966095901406
676,6.467498357937688,26.347180043673625,49.3632599650948
677,8.540561956212713,26.996634932901266,52.02509956983411
678,7.291169802135968,25.469735462074098,51.93516532835862
679,7.929794126659257,25.25125951249449,55.55928666611358
680,7.158390688112645,19.46234437916582,52.196407209654936
681,7.700176780470235,21.538665558593554,43.22666658818477
682,7.2064610336592425,25.8438345335215,54.15693511277719
683,7.527008905312135,24.93029160466152,54.345770862225855
684,6.895982324810387,22.143637016722607,48.06078409319305
685,8.926866550427642,22.917831652044548,55.65840960668739
686,6.600091078373756,19.25852311992092,50.89165838327576
687,6.7103812312667115,20.416141255741273,56.52268096720164
688,8.796471189557135,22.865552870309067,52.68016002147995
689,6.251565203313108,30.458361957212595,47.09046418444445
690,5.983510000581883,22.509883531136087,53.98882061899167
691,7.797634061309742,23.92430681940207,47.698083913584505
692,9.318208800631085,23.034254816169422,52.99284318342016
693,8.010389999331476,23.09765164613738,49.76532455150692
694,8.531267130604345,25.1721049443126,55.66146501592647
695,8.266921496522453,27.029623889713633,52.886776716293696
696,6.166050622939346,24.851233515384454,48.80007821533669
697,6.376734559934061,19.59295462527193,41.92679265766935
698,8.560193477617043,26.61062477480252,51.90974550799335
699,8.330949396547265,27.866675869056934,53.92568715695465
700,8.094418769477368,25.84437832737295,56.10875836843407
701,9.023845716853764,21.848886124678835,63.12954692159996
702,7.560305374226843,22.615377033339943,52.7219773388106
703,6.02895596868834,19.78241547209435,71.77405096071666
704,6.699763380332577,18.959638880421256,47.69964434696851
705,8.071079521729494,22.20907448686851,60.68070200859539
706,7.8496553591163885,26.072497126556712,47.982666473944455
707,8.740391633874658,27.28745566059088,53.07464134595147
708,6.367207853116964,28.620762139717375,44.695318825966396
709,6.879456780885565,22.37889689087074,56.3371267718333
710,7.323082284064187,20.08317605123805,47.30591441378254
711,7.7577444516783025,19.329832342236735,51.3989083426047
712,8.66613621427798,28.163039626036934,60.41965186180184
713,6.986320046886139,24.444228614057074,43.43057078116695
714,6.428505792094584,20.7373659806958,63.14339571736987
715,7.052869606265768,27.613558459549335,51.268932617890144
716,7.070203977249463,19.316742355540008,57.24584803079158
717,9.70372427296337,27.59532811698832,50.650554903334026
718,9.675229872427368,20.981132797615672,60.83571200192648
719,7.342404343656941,27.437656336662435,47.47746407517969
720,8.943016294921605,24.56772243724624,61.41294178839734
721,8.394097812615101,22.59628196840697,50.502309199015656
722,6.775317900971962,23.601149609948262,57.91911788859175
723,9.864499874524034,25.678342593472834,53.95511719369772
724,7.537418391877756,21.047519525891353,47.30104653527739
725,7.225511649795399,25.900495954186766,63.59394275040509
726,5.841761062920387,20.533143333812667,48.26658916833794
727,7.8840671972426115,23.991543478170534,52.58090337396094
728,6.3553286759537055,23.430102864783453,51.93964457160888
729,8.918981804561325,27.144790771367248,54.475415330968055
730,7.856140495361501,27.22063019552395,58.27500218463535
731,7.725812175885,26.86106257249414,41.35091229819728
732,8.518367907676456,27.10154125004672,55.066854168818665
733,8.234360807361933,18.71131342863211,48.78991972208355
734,8.634219081186938,20.783986270854378,60.21815900705322
735,9.518912054392818,21.347936402127548,51.16528263289159
736,7.934068668533298,25.389669036399894,57.09599118686551
737,7.684200462215222,22.818149509235738,58.367262070799555
738,7.839194820296203,21.330068363117956,50.12360619223172
739,7.174395896824663,19.81021554147955,48.22750067554597
740,7.848218630203696,19.778171286156013,56.00447561309471
741,4.898150417257652,21.10169466048019,49.49306105944555
742,7.685888826319587,26.56715856064723,43.43348174947165
743,6.380429979287015,26.94528689808012,55.209796502156884
744,6.591567231551175,23.371136888402113,57.397403062381684
745,7.027335168147209,24.571784842047492,45.54086458630945
746,6.621610186177897,25.860731136807026,57.496518453173536
747,10.275102366419024,24.338309114745254,52.23603362858097
748,6.992808018980671,22.085226083984757,54.08961384832909
749,7.036217995095784,22.85586512365856,54.39801530548514
750,6.991298176654761,28.721863061551744,45.917563990131235
751,6.27328329732867,23.293820725536847,54.581646747736066
752,11.163767353140827,20.13566911561176,48.91010323226156
753,8.912763225080788,23.153792384537354,45.112195134892815
754,8.497878200831419,22.223664030937453,49.13018097415018
755,8.269450222008556,25.823287145712975,59.61276591519824
756,8.218085982960982,28.670033856752298,61.722614526893906
757,7.051823268234211,27.711695201688116,62.95001244559498
758,7.813235422638848,19.4728970584009,53.55487886343428
759,7.923667675494917,20.777217989140905,54.358199733946755
760,8.216140065702099,28.69786366654921,59.38450706271196
761,8.487802467469688,19.043225115189188,52.28067460822363
762,7.386136911374071,24.811548360444686,55.327663162513176
763,6.109417837292,17.68544642589593,58.87458275335351
764,6.356853964829655,25.411474772695264,53.434159847666045
765,6.95039636446165,22.610850207145074,47.641187255978366
766,8.141201607107782,21.629098202153003,48.319472609922926
767,7.109414541421856,30.014666078523465,50.94682917639361
768,7.834151418885774,23.70018047956868,55.16528269420514
769,7.307493757006019,19.964796851659095,47.28087154234804
770,7.202824633956225,22.461017285913925,45.70464703854836
771,8.221725961255455,22.809936288222946,58.13443564503102
772,8.465303652591889,27.752734317591692,59.24726988760705
773,7.597915308204062,25.839914428601382,52.23849852918478
774,8.606862191176287,20.30111904244363,51.38469338386757
775,7.020250356741519,22.634084347533346,59.428249658224765
776,8.284971025971442,26.489461181936328,49.2121857785229
777,6.595206461271488,21.754513026140952,45.69578445181503
778,6.992374688715908,23.620865673552014,53.84091639743376
779,6.725919334543784,25.526285227817628,56.10845801670349
780,6.555470567264211,24.157394897452967,48.20421757726282
781,6.841617707103553,26.35238761839611,55.47533896576153
782,6.411302431549957,22.67828238952231,56.64428457114903
783,7.769197245156606,18.788563780664116,56.23477248923802
784,8.539969596470366,20.655886432115334,53.62551240492181
785,6.733367638142844,27.625264217991596,48.51679845161615
786,6.02166182927509,18.90853947504979,55.12062770562498
787,8.781929349844525,29.920132787339632,46.646837249862585
788,7.027324644127958,22.260375204426,50.23684427185506
789,6.917161823875258,25.764534345784785,50.752848689560345
790,8.937189231126062,19.78172415672907,54.065397293993186
791,7.493715626748548,25.751460362218385,57.973571248122965
792,7.997237921713303,23.30851409354715,52.32768087586307
793,7.3105573740975816,27.070191537042177,54.166511550026414
794,8.752010052108753,25.911527259342648,46.61932540338178
795,6.669080204689278,20.07335211537852,47.327671305110385
796,8.767476401280192,20.181005073017523,57.66053488695772
797,8.421977401465778,25.20073017633458,48.006163559694976
798,6.294042284504698,27.54680431528695,52.88211395354931
799,6.5409201146389355,24.86212139607607,61.085299289148224
800,6.796702593629361,25.04939768671072,46.73554905834935
801,7.821609079657563,17.321812458033342,59.833886790427414
802,8.835983308897196,23.662682002952813,39.96452879187276
803,5.424705840401166,25.382553226821646,47.395997331156096
804,6.261880299875113,28.50036009840096,43.25985880769169
805,7.6934546238307036,27.847029329553752,50.57992661283379
806,7.861278798016616,18.763903976191003,63.61070178268504
807,7.2407350572164955,22.839613778106543,59.985554217697846
808,8.219092119425436,27.143820907760507,52.34277610701106
809,4.78145847742813,20.134619623933222,48.00455588683407
810,7.884545158962434,20.758412231622763,48.6233147738485
811,6.423826990702533,17.859528418002668,55.188439031854536
812,7.457759541244117,19.885155758001368,42.643214067393586
813,7.980455606792999,19.280767290265697,46.277133394452854
814,8.352060287136194,24.745322156767376,60.150072802614645
815,7.179661742150745,23.71379425177688,57.42265095545619
816,9.05273739054011,24.854651666885303,50.00779383177141
817,6.516914045147088,22.59636916837232,50.48998270181648
818,7.816403407010843,19.57967382493922,61.17417515798432
819,7.892292787476459,18.567811776155782,45.99880215464741
820,8.733280220426442,27.55311041679881,46.16815073298537
821,7.141874557870443,20.468991042737816,51.75110481674046
822,7.421090968853827,24.713125714498783,51.85389545096909
823,6.64496605768574,17.355967486042502,62.94133664085989
824,8.304779628046617,19.87598085417285,52.527163297793386
825,9.174293922201006,25.836547208009772,53.98258529675817
826,8.027365994117035,21.972399140164807,53.414861294459556
827,10.078534081733988,24.436034492943854,53.613151937784025
828,8.504150041543689,22.059465108281355,40.9257918645895
829,8.739640222031623,21.24999858219785,50.375909681977106
830,8.730737259255793,22.50471116977515,48.252941401740195
831,8.335222186947856,23.05053987640437,51.842554213859245
832,10.165443783163848,23.309780600843506,58.40332066312723
833,7.58409035386103,23.052870267682557,53.36942130688154
834,8.002117112815673,23.016072879610046,46.64655076076721
835,7.448346110550333,24.74310992399097,61.25964056319738
836,7.909218827778739,24.19704592824507,57.15450962450151
837,6.08467449424564,26.91313208631194,58.27304861994439
838,9.152666742251302,21.753669149813636,51.634964931359576
839,7.562601447705574,22.638512065306088,41.82460839212731
840,8.658702225157821,22.926553893113244,58.17595951835555
841,8.357209778537461,21.88982071831783,57.63396431107704
842,7.757936803016365,19.40570027402612,53.57516809688971
843,7.912106881577676,24.17551632913561,53.17206439165796
844,6.098382185502027,30.47248691258172,60.036843860372336
845,6.412969623462838,16.523506184386655,60.33576100453747
846,6.957759435803625,28.331857079669277,63.767060654060856
847,7.865018437193081,21.6059641658316,57.33110698214192
848,8.653317650841409,17.708524190759007,51.921700295847124
849,9.267779143479647,26.015097414568817,45.20410145574956
850,9.875740802931736,22.3081986646255,43.80034969788588
851,6.627067285863749,19.240407517580547,49.75351491841659
852,9.54767331264788,19.63041583021606,60.74918398455125
853,7.539301235103153,25.560070283991934,42.63776510202443
854,6.841211747507959,24.137164980534706,58.71287533142345
855,8.210663042848953,20.70152251062568,53.047402288783836
856,8.263454564849216,25.703808686668765,64.19596957126475
857,6.572958059429519,23.02026778260003,48.38220648185289
858,6.74876156070767,22.609589556476912,47.711966073979916
859,6.993605901159243,20.46942279612338,52.94558609166329
860,8.24861413150241,29.193492016620876,54.3669175802589
861,7.0953171431296145,24.677768133696485,55.386422195369704
862,8.270310110931101,20.584063286243577,61.14841975694708
863,6.331385654220333,21.82496038702395,48.926475322116794
864,8.525342607651046,18.13228087595238,58.16544876424442
865,7.740816641444418,24.071509808727384,37.15946266460978
866,7.5247175881306045,25.16526893774346,48.114817954429675
867,7.393540251521562,20.411484963523975,45.45780400085328
868,7.764321715011677,23.912397744540186,59.834025798688415
869,6.99646181112257,26.506785055150086,49.52521325732782
870,9.78078949388819,28.704233355186187,47.78803337031319
871,6.050576839057191,28.645257019892565,53.996636547283444
872,6.965993334429236,24.434189268568847,61.85727929136647
873,9.62928452196266,17.106130796644667,60.95035498129014
874,5.455977908930239,27.368085293046974,49.864736641418574
875,8.372017141442935,26.051442996619084,56.998802607522606
876,8.565672540789746,20.586053859025967,50.4527721934324
877,7.709776601495977,24.276844810905303,55.837153973093415
878,8.30732021842489,25.110995869627757,48.96935119639832
879,7.979177276359133,21.025243684708844,59.814917806474014
880,6.573533592016696,17.567801970405547,58.91171973082998
881,7.191362110882353,16.68359995871431,54.1163878811781
882,7.082119756219759,19.55144396310905,56.399140595264
883,8.58967349631762,21.892685492901016,64.29378756750161
884,6.426822992309902,23.79013940840063,53.74610935937166
885,8.628144744470156,23.75785587553495,58.434339136305994
886,9.06911985731544,20.221190999280932,55.18297023159842
887,6.2312357687393884,23.106551776739245,52.53130785547359
888,6.8617496428419535,23.741105786779794,61.60823824085681
889,6.558155894570719,23.258899654992224,58.77044871600275
890,6.4291532860672405,24.282077957244994,58.80778422191593
891,6.836660966156474,22.200366296582178,56.23808068620542
892,7.084691432184569,21.460270361692437,50.200822707106724
893,7.031112866117574,24.102227207354776,53.52839640544909
894,6.8524412906745535,21.909725280985484,45.27910937802366
895,8.319514732708189,22.300635105473607,48.161283853873734
896,6.841634771105383,18.880181189287953,51.12226977071019
897,5.975197245529833,19.61767791423567,41.87730987675337
898,6.588778830948675,25.506392908658096,49.98242815222372
899,7.169558402013198,24.91591275668528,53.89892887419192
900,7.068169097604992,24.50599518899257,48.25151784898706
901,6.380961173076373,21.27825784819267,53.204710399455365
902,8.144473490625284,25.18902526655686,62.311923730268205
903,7.108925518874145,22.386471665213914,51.119663169785426
904,8.695725467213634,27.24879659735152,34.25569534663783
905,6.6662171989989565,23.573619246306713,46.802351366015884
906,8.089663245695029,18.599866096433065,57.99023366023707
907,6.045453968363668,18.953951433019384,56.65284371053882
908,7.71390883875187,27.926607113086806,53.5358965067666
909,7.3905233192183015,25.864917043484304,56.15688170200656
910,7.150989844542952,24.40108864174919,44.196352248248516
911,7.152812033417486,25.71847677242539,57.89748717231177
912,6.410445325115079,23.466731145835627,62.809118230109476
913,6.967410320334148,26.91556135492005,59.89822729411486
914,7.597389916315704,31.040136787973232,43.87083171433797
915,7.978463109991743,21.56533899775126,53.07521898361944
916,7.0232317172828775,25.64533425037135,48.658905508733
917,6.7638184418339256,23.660535550401562,52.20375002427908
918,8.491825486271903,27.000415626305752,48.127985898365544
919,4.534297197878054,20.765672249818074,35.197121058384695
920,7.839584515330017,22.79136595171514,60.72276972031883
921,7.450761893655536,22.347992946330397,64.18300290804129
922,9.523720007916209,25.88961046247018,48.653676732216894
923,8.423412315954167,26.236495898493065,57.46147378511788
924,9.865837109960367,23.481206360470992,51.54413174747299
925,8.720050391167767,27.96274488669369,50.26971062973777
926,9.237148763622319,20.497238622521348,60.520719780363606
927,6.591676022890743,25.59511752476534,54.84288895834821
928,9.76706242107785,18.04708240463643,58.34208723814448
929,7.320177336166941,21.720903689080966,60.161860023498285
930,9.053168924586483,16.686661771030582,48.27081347217214
931,8.682768367471759,24.884487533012717,50.80203352226943
932,8.302434397584658,25.992169386971185,50.73079644542719
933,9.110699696174757,30.875367947311815,51.88384998379054
934,6.80854987118187,27.019759683502027,45.19063087432498
935,7.089543771628219,23.774155250454847,55.68950444411561
936,9.492890279597034,27.118817260247788,64.1387635634334
937,7.146141109196355,19.542672792595845,54.31972230250079
938,9.609951741938362,21.051895470860526,49.26099227789233
939,8.818009263382823,26.563811888173916,52.83800222061659
940,5.274255756055917,23.72247764260552,59.97510821840072
941,8.648307792188437,30.438929054339837,50.71666969870054
942,8.466818426340556,25.143212589907723,53.37502093610637
943,9.48340789637982,14.51104600156928,52.69963904153802
944,8.057838601466976,22.91290729942126,46.53097990382588
945,5.440579689403195,27.563967518914207,53.53779006501932
946,6.723778750803277,24.620968870330913,51.7176841345286
947,6.465340476761936,21.713841192721965,53.195257160403045
948,10.088706661094204,23.34045439974478,50.26082801086968
949,7.687246487831306,25.671456245122542,64.8060690121172
950,7.828243408364418,19.85952698050463,44.74529977377975
951,7.85396567888767,23.867788195035278,53.79019069156956
952,7.361731321393074,23.000275715123692,51.74145352883603
953,6.661642418203831,21.91115280826794,60.04628345135077
954,7.8780464429611765,27.05015226986738,55.49893702945772
955,7.575019791032191,30.99891750008612,59.126920330387726
956,7.755793522149788,22.457586003596603,49.449158366653286
957,7.671656371643495,21.268051986458268,49.81050551862271
958,8.310431922855706,23.19926614211251,48.416391212709456
959,7.473306129283682,25.562174765753223,42.932706399330726
960,8.316222770164783,24.504117072869512,45.492873786775505
961,5.228281295618032,28.845452486266648,55.89471871942382
962,6.535511249613605,26.028869701633234,43.86512685003443
963,8.079739346747921,26.85539521383063,53.303969381829106
964,6.392961045946583,25.622580785514817,57.13070937383466
965,7.6861252630618715,25.423202161141926,47.129349949059616
966,6.983203812975278,22.31068839091573,45.15194004387782
967,8.410845793245723,23.436474053210254,53.10995319528926
968,6.581881973728862,21.416331901110617,52.88320036994607
969,6.749700628044774,21.425630777183606,60.87119681726659
970,8.161621089672972,27.33113015589391,54.644137802686934
971,8.434881470392838,23.3705556418403,51.34306884198554
972,7.184650701458729,24.248255165821973,57.36708888900763
973,7.83442276358186,25.806510775599538,53.57269809960958
974,8.505307048811774,20.99576834939804,50.1861929424295
975,8.86888155286102,24.67898577280966,48.95452411304294
976,7.833016864357946,24.860307650492665,49.85224292440069
977,8.782299455577991,25.99157127011216,62.9049454231778
978,6.53425276851708,21.256968041077464,47.01112201350836
979,7.063553978026415,27.49438944978536,57.04829397544381
980,9.449939827598305,20.900895934920637,49.4572658749807
981,6.898193215343735,31.830767160541676,46.69566580301148
982,9.21539818093228,21.328315271360026,49.72004244597774
983,7.105405396729009,19.60707799329668,55.940067399317705
984,6.119368887123674,22.507374925560498,44.57378045722678
985,7.2015993887180825,22.36228743258328,58.7259015938847
986,7.522814136052134,25.80085019165544,68.52795935041486
987,6.236338280503929,22.783669302153193,44.540867471726415
988,6.934912815914569,19.08296967294548,45.63247380427158
989,8.950860116716546,20.42788692090842,51.407684414099904
990,8.595425774978098,20.765300193892028,48.115202073149916
991,7.403171277816854,28.343400761980647,48.102247256101535
992,6.418772835488034,18.71796422592063,52.30119145392404
993,9.118970960509701,21.198125117651873,54.88278995696375
994,5.296175743422224,25.515524799330926,51.556545478391975
995,6.602430999006457,20.735131503403363,57.26806523773969
996,8.503168221214771,27.29925713907069,50.11487105612461
997,7.768762363765928,26.776902086195925,55.8234325590342
998,7.76534815417744,25.071144341067843,49.46379918562306
999,5.046425125367813,27.391784528416963,61.583688398606256
